ID,variable,emission,year,value
1,tmax,1970,2000,17.49666651089986
2,tmax,1970,2000,14.58866661787033
3,tmax,1970,2000,15.210333420584599
4,tmax,1970,2000,23.54366652170817
5,tmax,1970,2000,24.418333212534588
6,tmax,1970,2000,26.171000162760418
7,tmax,1970,2000,25.407333374023438
8,tmax,1970,2000,17.4093333085378
9,tmax,1970,2000,26.221667051315308
10,tmax,1970,2000,14.985999971628189
11,tmax,1970,2000,16.73899994418025
12,tmax,1970,2000,22.29200021425883
13,tmax,1970,2000,17.346666713555653
14,tmax,1970,2000,11.54599991440773
15,tmax,1970,2000,22.86566686630249
16,tmax,1970,2000,13.721999992926916
17,tmax,1970,2000,19.112000068028767
18,tmax,1970,2000,19.64466659228007
19,tmax,1970,2000,17.688666741053265
20,tmax,1970,2000,17.560333490371704
21,tmax,1970,2000,31.333333333333332
22,tmax,1970,2000,29.88100004196167
23,tmax,1970,2000,31.389665921529133
24,tmax,1970,2000,23.826666673024494
1,tmin,1970,2000,5.698666622241338
2,tmin,1970,2000,2.47800000756979
3,tmin,1970,2000,0.06399989624818166
4,tmin,1970,2000,8.455666720867157
5,tmin,1970,2000,9.854666709899902
6,tmin,1970,2000,10.560333410898844
7,tmin,1970,2000,17.81866677602132
8,tmin,1970,2000,1.5079999715089798
9,tmin,1970,2000,13.7650000055631
10,tmin,1970,2000,3.1940001050631204
11,tmin,1970,2000,5.714000016450882
12,tmin,1970,2000,10.891333356499672
13,tmin,1970,2000,5.706666638453801
14,tmin,1970,2000,1.7183333275218804
15,tmin,1970,2000,10.26466661443313
16,tmin,1970,2000,3.4243333203097186
17,tmin,1970,2000,7.372666547695796
18,tmin,1970,2000,8.050000101327896
19,tmin,1970,2000,4.353333393732707
20,tmin,1970,2000,4.0663333386182785
21,tmin,1970,2000,18.77333339055379
22,tmin,1970,2000,22.708333492279053
23,tmin,1970,2000,14.177666584650675
24,tmin,1970,2000,11.381333231925964
1,prec,1970,2000,94.83333333333333
2,prec,1970,2000,46.333333333333336
3,prec,1970,2000,20.5
4,prec,1970,2000,42.083333333333336
5,prec,1970,2000,24.916666666666668
6,prec,1970,2000,27.5
7,prec,1970,2000,212.58333333333334
8,prec,1970,2000,33.083333333333336
9,prec,1970,2000,85.5
10,prec,1970,2000,70.91666666666667
11,prec,1970,2000,84.25
12,prec,1970,2000,106.08333333333333
13,prec,1970,2000,79.66666666666667
14,prec,1970,2000,65.58333333333333
15,prec,1970,2000,108
16,prec,1970,2000,74.5
17,prec,1970,2000,93
18,prec,1970,2000,88.5
19,prec,1970,2000,32.416666666666664
20,prec,1970,2000,16.166666666666668
21,prec,1970,2000,141.83333333333334
22,prec,1970,2000,94.5
23,prec,1970,2000,7.583333333333333
24,prec,1970,2000,29.333333333333332
1,tmax,ssp126,2021-2040,18.75208282470703
2,tmax,ssp126,2021-2040,16.20833396911621
3,tmax,ssp126,2021-2040,17.414583206176758
4,tmax,ssp126,2021-2040,25.110416412353516
5,tmax,ssp126,2021-2040,26.299999237060547
6,tmax,ssp126,2021-2040,27.87708282470703
7,tmax,ssp126,2021-2040,26.25208282470703
8,tmax,ssp126,2021-2040,19.454166412353516
9,tmax,ssp126,2021-2040,28.214582443237305
10,tmax,ssp126,2021-2040,17.606250762939453
11,tmax,ssp126,2021-2040,19.191667556762695
12,tmax,ssp126,2021-2040,24.33333396911621
13,tmax,ssp126,2021-2040,19.63541603088379
14,tmax,ssp126,2021-2040,13.649999618530273
15,tmax,ssp126,2021-2040,24.506250381469727
16,tmax,ssp126,2021-2040,15.810416221618652
17,tmax,ssp126,2021-2040,21.133333206176758
18,tmax,ssp126,2021-2040,21.660417556762695
19,tmax,ssp126,2021-2040,19.289583206176758
20,tmax,ssp126,2021-2040,19.16666603088379
21,tmax,ssp126,2021-2040,32.318748474121094
22,tmax,ssp126,2021-2040,30.795833587646484
23,tmax,ssp126,2021-2040,33.15416717529297
24,tmax,ssp126,2021-2040,25.393749237060547
1,tmin,ssp126,2021-2040,6.816666603088379
2,tmin,ssp126,2021-2040,3.883333444595337
3,tmin,ssp126,2021-2040,1.962499976158142
4,tmin,ssp126,2021-2040,9.704166412353516
5,tmin,ssp126,2021-2040,11.308333396911621
6,tmin,ssp126,2021-2040,11.993749618530273
7,tmin,ssp126,2021-2040,18.643749237060547
8,tmin,ssp126,2021-2040,3.222916603088379
9,tmin,ssp126,2021-2040,15.537500381469727
10,tmin,ssp126,2021-2040,5.483333110809326
11,tmin,ssp126,2021-2040,7.829166412353516
12,tmin,ssp126,2021-2040,12.712499618530273
13,tmin,ssp126,2021-2040,7.791666507720947
14,tmin,ssp126,2021-2040,3.7562499046325684
15,tmin,ssp126,2021-2040,11.839583396911621
16,tmin,ssp126,2021-2040,5.422916889190674
17,tmin,ssp126,2021-2040,9.241666793823242
18,tmin,ssp126,2021-2040,9.908333778381348
19,tmin,ssp126,2021-2040,5.7479166984558105
20,tmin,ssp126,2021-2040,5.402083396911621
21,tmin,ssp126,2021-2040,19.735416412353516
22,tmin,ssp126,2021-2040,23.61458396911621
23,tmin,ssp126,2021-2040,15.685416221618652
24,tmin,ssp126,2021-2040,12.731249809265137
1,prec,ssp126,2021-2040,95.3125
2,prec,ssp126,2021-2040,47.10416793823242
3,prec,ssp126,2021-2040,20.33333396911621
4,prec,ssp126,2021-2040,41.29166793823242
5,prec,ssp126,2021-2040,24.29166603088379
6,prec,ssp126,2021-2040,26.625
7,prec,ssp126,2021-2040,206.6875
8,prec,ssp126,2021-2040,33.5
9,prec,ssp126,2021-2040,85.66666412353516
10,prec,ssp126,2021-2040,70.35416412353516
11,prec,ssp126,2021-2040,85.22916412353516
12,prec,ssp126,2021-2040,108.35416412353516
13,prec,ssp126,2021-2040,83.375
14,prec,ssp126,2021-2040,67.04166412353516
15,prec,ssp126,2021-2040,111.60416412353516
16,prec,ssp126,2021-2040,78.27083587646484
17,prec,ssp126,2021-2040,97.91666412353516
18,prec,ssp126,2021-2040,93.16666412353516
19,prec,ssp126,2021-2040,33.04166793823242
20,prec,ssp126,2021-2040,16.41666603088379
21,prec,ssp126,2021-2040,142.6458282470703
22,prec,ssp126,2021-2040,95.125
23,prec,ssp126,2021-2040,7.375
24,prec,ssp126,2021-2040,28.45833396911621
1,tmax,ssp126,2041-2060,19.19791603088379
2,tmax,ssp126,2041-2060,16.71666717529297
3,tmax,ssp126,2041-2060,18.024999618530273
4,tmax,ssp126,2041-2060,25.556249618530273
5,tmax,ssp126,2041-2060,26.795833587646484
6,tmax,ssp126,2041-2060,28.335416793823242
7,tmax,ssp126,2041-2060,26.52916717529297
8,tmax,ssp126,2041-2060,19.9375
9,tmax,ssp126,2041-2060,28.76041603088379
10,tmax,ssp126,2041-2060,18.295833587646484
11,tmax,ssp126,2041-2060,19.875
12,tmax,ssp126,2041-2060,24.950000762939453
13,tmax,ssp126,2041-2060,20.254167556762695
14,tmax,ssp126,2041-2060,14.229166984558105
15,tmax,ssp126,2041-2060,24.922916412353516
16,tmax,ssp126,2041-2060,16.37291717529297
17,tmax,ssp126,2041-2060,21.570833206176758
18,tmax,ssp126,2041-2060,22.089584350585938
19,tmax,ssp126,2041-2060,19.81458282470703
20,tmax,ssp126,2041-2060,19.683332443237305
21,tmax,ssp126,2041-2060,32.631248474121094
22,tmax,ssp126,2041-2060,31.085416793823242
23,tmax,ssp126,2041-2060,33.63333511352539
24,tmax,ssp126,2041-2060,25.827083587646484
1,tmin,ssp126,2041-2060,7.2208333015441895
2,tmin,ssp126,2041-2060,4.379166603088379
3,tmin,ssp126,2041-2060,2.5458333492279053
4,tmin,ssp126,2041-2060,10.114583015441895
5,tmin,ssp126,2041-2060,11.733333587646484
6,tmin,ssp126,2041-2060,12.420833587646484
7,tmin,ssp126,2041-2060,18.90416717529297
8,tmin,ssp126,2041-2060,3.7166666984558105
9,tmin,ssp126,2041-2060,16.00208282470703
10,tmin,ssp126,2041-2060,6.087500095367432
11,tmin,ssp126,2041-2060,8.431249618530273
12,tmin,ssp126,2041-2060,13.210416793823242
13,tmin,ssp126,2041-2060,8.356249809265137
14,tmin,ssp126,2041-2060,4.322916507720947
15,tmin,ssp126,2041-2060,12.220832824707031
16,tmin,ssp126,2041-2060,5.989583492279053
17,tmin,ssp126,2041-2060,9.689583778381348
18,tmin,ssp126,2041-2060,10.354166984558105
19,tmin,ssp126,2041-2060,6.239583492279053
20,tmin,ssp126,2041-2060,5.875
21,tmin,ssp126,2041-2060,20.054166793823242
22,tmin,ssp126,2041-2060,23.91666603088379
23,tmin,ssp126,2041-2060,16.12708282470703
24,tmin,ssp126,2041-2060,13.135416984558105
1,prec,ssp126,2041-2060,96.08333587646484
2,prec,ssp126,2041-2060,47.64583206176758
3,prec,ssp126,2041-2060,20.58333396911621
4,prec,ssp126,2041-2060,41.3125
5,prec,ssp126,2041-2060,23.97916603088379
6,prec,ssp126,2041-2060,26.27083396911621
7,prec,ssp126,2041-2060,205.2708282470703
8,prec,ssp126,2041-2060,34.04166793823242
9,prec,ssp126,2041-2060,84.8125
10,prec,ssp126,2041-2060,70.33333587646484
11,prec,ssp126,2041-2060,84.8125
12,prec,ssp126,2041-2060,107.3125
13,prec,ssp126,2041-2060,82.85416412353516
14,prec,ssp126,2041-2060,67.25
15,prec,ssp126,2041-2060,111.02083587646484
16,prec,ssp126,2041-2060,78.4375
17,prec,ssp126,2041-2060,98.58333587646484
18,prec,ssp126,2041-2060,93.85416412353516
19,prec,ssp126,2041-2060,33.41666793823242
20,prec,ssp126,2041-2060,16.58333396911621
21,prec,ssp126,2041-2060,141.5625
22,prec,ssp126,2041-2060,94.1875
23,prec,ssp126,2041-2060,7.395833492279053
24,prec,ssp126,2041-2060,27.9375
1,tmax,ssp126,2061-2080,19.1875
2,tmax,ssp126,2061-2080,16.758333206176758
3,tmax,ssp126,2061-2080,18.10416603088379
4,tmax,ssp126,2061-2080,25.493749618530273
5,tmax,ssp126,2061-2080,26.766666412353516
6,tmax,ssp126,2061-2080,28.358333587646484
7,tmax,ssp126,2061-2080,26.59583282470703
8,tmax,ssp126,2061-2080,20.070833206176758
9,tmax,ssp126,2061-2080,28.80208396911621
10,tmax,ssp126,2061-2080,18.429166793823242
11,tmax,ssp126,2061-2080,19.972915649414062
12,tmax,ssp126,2061-2080,24.98958396911621
13,tmax,ssp126,2061-2080,20.350000381469727
14,tmax,ssp126,2061-2080,14.339583396911621
15,tmax,ssp126,2061-2080,25.022916793823242
16,tmax,ssp126,2061-2080,16.48958396911621
17,tmax,ssp126,2061-2080,21.66666603088379
18,tmax,ssp126,2061-2080,22.17708396911621
19,tmax,ssp126,2061-2080,19.831249237060547
20,tmax,ssp126,2061-2080,19.69791603088379
21,tmax,ssp126,2061-2080,32.69791793823242
22,tmax,ssp126,2061-2080,31.139583587646484
23,tmax,ssp126,2061-2080,33.66041564941406
24,tmax,ssp126,2061-2080,25.829166412353516
1,tmin,ssp126,2061-2080,7.2833333015441895
2,tmin,ssp126,2061-2080,4.441666603088379
3,tmin,ssp126,2061-2080,2.643749952316284
4,tmin,ssp126,2061-2080,10.129166603088379
5,tmin,ssp126,2061-2080,11.743749618530273
6,tmin,ssp126,2061-2080,12.412500381469727
7,tmin,ssp126,2061-2080,18.977083206176758
8,tmin,ssp126,2061-2080,3.825000047683716
9,tmin,ssp126,2061-2080,16.06458282470703
10,tmin,ssp126,2061-2080,6.2520833015441895
11,tmin,ssp126,2061-2080,8.545833587646484
12,tmin,ssp126,2061-2080,13.300000190734863
13,tmin,ssp126,2061-2080,8.485416412353516
14,tmin,ssp126,2061-2080,4.452083587646484
15,tmin,ssp126,2061-2080,12.268750190734863
16,tmin,ssp126,2061-2080,6.129166603088379
17,tmin,ssp126,2061-2080,9.810417175292969
18,tmin,ssp126,2061-2080,10.472916603088379
19,tmin,ssp126,2061-2080,6.2833333015441895
20,tmin,ssp126,2061-2080,5.927083492279053
21,tmin,ssp126,2061-2080,20.106250762939453
22,tmin,ssp126,2061-2080,23.97083282470703
23,tmin,ssp126,2061-2080,16.12291717529297
24,tmin,ssp126,2061-2080,13.112500190734863
1,prec,ssp126,2061-2080,96.75
2,prec,ssp126,2061-2080,48.08333206176758
3,prec,ssp126,2061-2080,20.625
4,prec,ssp126,2061-2080,41.89583206176758
5,prec,ssp126,2061-2080,24.16666603088379
6,prec,ssp126,2061-2080,25.85416603088379
7,prec,ssp126,2061-2080,205.3958282470703
8,prec,ssp126,2061-2080,33.58333206176758
9,prec,ssp126,2061-2080,84.95833587646484
10,prec,ssp126,2061-2080,70.58333587646484
11,prec,ssp126,2061-2080,86.10416412353516
12,prec,ssp126,2061-2080,107.97916412353516
13,prec,ssp126,2061-2080,84.375
14,prec,ssp126,2061-2080,67.77083587646484
15,prec,ssp126,2061-2080,112.02083587646484
16,prec,ssp126,2061-2080,78.95833587646484
17,prec,ssp126,2061-2080,99.22916412353516
18,prec,ssp126,2061-2080,94.45833587646484
19,prec,ssp126,2061-2080,33.64583206176758
20,prec,ssp126,2061-2080,16.64583396911621
21,prec,ssp126,2061-2080,138.7916717529297
22,prec,ssp126,2061-2080,92.29166412353516
23,prec,ssp126,2061-2080,7.291666507720947
24,prec,ssp126,2061-2080,27.64583396911621
1,tmax,ssp126,2081-2100,19.206249237060547
2,tmax,ssp126,2081-2100,16.731250762939453
3,tmax,ssp126,2081-2100,18.08333396911621
4,tmax,ssp126,2081-2100,25.52916717529297
5,tmax,ssp126,2081-2100,26.816665649414062
6,tmax,ssp126,2081-2100,28.366666793823242
7,tmax,ssp126,2081-2100,26.579166412353516
8,tmax,ssp126,2081-2100,20.01041603088379
9,tmax,ssp126,2081-2100,28.712499618530273
10,tmax,ssp126,2081-2100,18.431249618530273
11,tmax,ssp126,2081-2100,19.941667556762695
12,tmax,ssp126,2081-2100,24.912500381469727
13,tmax,ssp126,2081-2100,20.35416603088379
14,tmax,ssp126,2081-2100,14.370833396911621
15,tmax,ssp126,2081-2100,24.993749618530273
16,tmax,ssp126,2081-2100,16.56041717529297
17,tmax,ssp126,2081-2100,21.70833396911621
18,tmax,ssp126,2081-2100,22.227083206176758
19,tmax,ssp126,2081-2100,19.820833206176758
20,tmax,ssp126,2081-2100,19.68541717529297
21,tmax,ssp126,2081-2100,32.650001525878906
22,tmax,ssp126,2081-2100,31.102083206176758
23,tmax,ssp126,2081-2100,33.67499923706055
24,tmax,ssp126,2081-2100,25.837499618530273
1,tmin,ssp126,2081-2100,7.287499904632568
2,tmin,ssp126,2081-2100,4.425000190734863
3,tmin,ssp126,2081-2100,2.6187498569488525
4,tmin,ssp126,2081-2100,10.135416984558105
5,tmin,ssp126,2081-2100,11.764583587646484
6,tmin,ssp126,2081-2100,12.416666984558105
7,tmin,ssp126,2081-2100,18.981250762939453
8,tmin,ssp126,2081-2100,3.7604167461395264
9,tmin,ssp126,2081-2100,15.949999809265137
10,tmin,ssp126,2081-2100,6.222916603088379
11,tmin,ssp126,2081-2100,8.539583206176758
12,tmin,ssp126,2081-2100,13.243749618530273
13,tmin,ssp126,2081-2100,8.483333587646484
14,tmin,ssp126,2081-2100,4.5
15,tmin,ssp126,2081-2100,12.179166793823242
16,tmin,ssp126,2081-2100,6.197916507720947
17,tmin,ssp126,2081-2100,9.845832824707031
18,tmin,ssp126,2081-2100,10.506250381469727
19,tmin,ssp126,2081-2100,6.275000095367432
20,tmin,ssp126,2081-2100,5.916666507720947
21,tmin,ssp126,2081-2100,20.07291603088379
22,tmin,ssp126,2081-2100,23.9375
23,tmin,ssp126,2081-2100,16.118749618530273
24,tmin,ssp126,2081-2100,13.122916221618652
1,prec,ssp126,2081-2100,97.6875
2,prec,ssp126,2081-2100,48.14583206176758
3,prec,ssp126,2081-2100,20.72916603088379
4,prec,ssp126,2081-2100,41.89583206176758
5,prec,ssp126,2081-2100,24.04166603088379
6,prec,ssp126,2081-2100,26.16666603088379
7,prec,ssp126,2081-2100,208.375
8,prec,ssp126,2081-2100,33.83333206176758
9,prec,ssp126,2081-2100,85.77083587646484
10,prec,ssp126,2081-2100,70.5625
11,prec,ssp126,2081-2100,86.83333587646484
12,prec,ssp126,2081-2100,109.72916412353516
13,prec,ssp126,2081-2100,84.70833587646484
14,prec,ssp126,2081-2100,68.27083587646484
15,prec,ssp126,2081-2100,112.10416412353516
16,prec,ssp126,2081-2100,79.4375
17,prec,ssp126,2081-2100,98.95833587646484
18,prec,ssp126,2081-2100,94.20833587646484
19,prec,ssp126,2081-2100,33.75
20,prec,ssp126,2081-2100,16.79166603088379
21,prec,ssp126,2081-2100,140
22,prec,ssp126,2081-2100,93.33333587646484
23,prec,ssp126,2081-2100,7.3125
24,prec,ssp126,2081-2100,27.89583396911621
1,tmax,ssp245,2021-2040,18.737499237060547
2,tmax,ssp245,2021-2040,16.18541717529297
3,tmax,ssp245,2021-2040,17.412500381469727
4,tmax,ssp245,2021-2040,25.012500762939453
5,tmax,ssp245,2021-2040,26.172916412353516
6,tmax,ssp245,2021-2040,27.787500381469727
7,tmax,ssp245,2021-2040,26.285417556762695
8,tmax,ssp245,2021-2040,19.429166793823242
9,tmax,ssp245,2021-2040,28.1875
10,tmax,ssp245,2021-2040,17.47083282470703
11,tmax,ssp245,2021-2040,19.1875
12,tmax,ssp245,2021-2040,24.43958282470703
13,tmax,ssp245,2021-2040,19.597917556762695
14,tmax,ssp245,2021-2040,13.554166793823242
15,tmax,ssp245,2021-2040,24.518749237060547
16,tmax,ssp245,2021-2040,15.733333587646484
17,tmax,ssp245,2021-2040,21.079166412353516
18,tmax,ssp245,2021-2040,21.602083206176758
19,tmax,ssp245,2021-2040,19.272916793823242
20,tmax,ssp245,2021-2040,19.147916793823242
21,tmax,ssp245,2021-2040,32.31458282470703
22,tmax,ssp245,2021-2040,30.78125
23,tmax,ssp245,2021-2040,33.056251525878906
24,tmax,ssp245,2021-2040,25.318750381469727
1,tmin,ssp245,2021-2040,6.847916603088379
2,tmin,ssp245,2021-2040,3.914583444595337
3,tmin,ssp245,2021-2040,2.043750047683716
4,tmin,ssp245,2021-2040,9.716666221618652
5,tmin,ssp245,2021-2040,11.304166793823242
6,tmin,ssp245,2021-2040,11.987500190734863
7,tmin,ssp245,2021-2040,18.65833282470703
8,tmin,ssp245,2021-2040,3.277083396911621
9,tmin,ssp245,2021-2040,15.481249809265137
10,tmin,ssp245,2021-2040,5.412499904632568
11,tmin,ssp245,2021-2040,7.864583492279053
12,tmin,ssp245,2021-2040,12.770833015441895
13,tmin,ssp245,2021-2040,7.733333587646484
14,tmin,ssp245,2021-2040,3.683333396911621
15,tmin,ssp245,2021-2040,11.835416793823242
16,tmin,ssp245,2021-2040,5.3416666984558105
17,tmin,ssp245,2021-2040,9.185416221618652
18,tmin,ssp245,2021-2040,9.864583015441895
19,tmin,ssp245,2021-2040,5.78125
20,tmin,ssp245,2021-2040,5.422916889190674
21,tmin,ssp245,2021-2040,19.741666793823242
22,tmin,ssp245,2021-2040,23.608333587646484
23,tmin,ssp245,2021-2040,15.668749809265137
24,tmin,ssp245,2021-2040,12.720833778381348
1,prec,ssp245,2021-2040,95.60416412353516
2,prec,ssp245,2021-2040,47.22916793823242
3,prec,ssp245,2021-2040,20.54166603088379
4,prec,ssp245,2021-2040,42.125
5,prec,ssp245,2021-2040,24.66666603088379
6,prec,ssp245,2021-2040,27.0625
7,prec,ssp245,2021-2040,208.7708282470703
8,prec,ssp245,2021-2040,33.52083206176758
9,prec,ssp245,2021-2040,84.60416412353516
10,prec,ssp245,2021-2040,71.39583587646484
11,prec,ssp245,2021-2040,85.58333587646484
12,prec,ssp245,2021-2040,106.89583587646484
13,prec,ssp245,2021-2040,82.83333587646484
14,prec,ssp245,2021-2040,67.85416412353516
15,prec,ssp245,2021-2040,111.27083587646484
16,prec,ssp245,2021-2040,78
17,prec,ssp245,2021-2040,97.60416412353516
18,prec,ssp245,2021-2040,92.89583587646484
19,prec,ssp245,2021-2040,33.0625
20,prec,ssp245,2021-2040,16.45833396911621
21,prec,ssp245,2021-2040,142
22,prec,ssp245,2021-2040,95.5
23,prec,ssp245,2021-2040,7.541666507720947
24,prec,ssp245,2021-2040,28.85416603088379
1,tmax,ssp245,2041-2060,19.237499237060547
2,tmax,ssp245,2041-2060,16.808334350585938
3,tmax,ssp245,2041-2060,18.24791717529297
4,tmax,ssp245,2041-2060,25.625
5,tmax,ssp245,2041-2060,26.89583396911621
6,tmax,ssp245,2041-2060,28.491666793823242
7,tmax,ssp245,2041-2060,26.683334350585938
8,tmax,ssp245,2041-2060,20.289583206176758
9,tmax,ssp245,2041-2060,28.870834350585938
10,tmax,ssp245,2041-2060,18.452083587646484
11,tmax,ssp245,2041-2060,20.06041717529297
12,tmax,ssp245,2041-2060,25.15416717529297
13,tmax,ssp245,2041-2060,20.420833587646484
14,tmax,ssp245,2041-2060,14.425000190734863
15,tmax,ssp245,2041-2060,25.118749618530273
16,tmax,ssp245,2041-2060,16.556249618530273
17,tmax,ssp245,2041-2060,21.785417556762695
18,tmax,ssp245,2041-2060,22.299999237060547
19,tmax,ssp245,2041-2060,19.883333206176758
20,tmax,ssp245,2041-2060,19.743749618530273
21,tmax,ssp245,2041-2060,32.79375076293945
22,tmax,ssp245,2041-2060,31.212499618530273
23,tmax,ssp245,2041-2060,33.81458282470703
24,tmax,ssp245,2041-2060,25.94791603088379
1,tmin,ssp245,2041-2060,7.347916603088379
2,tmin,ssp245,2041-2060,4.518750190734863
3,tmin,ssp245,2041-2060,2.831249952316284
4,tmin,ssp245,2041-2060,10.254166603088379
5,tmin,ssp245,2041-2060,11.908332824707031
6,tmin,ssp245,2041-2060,12.554166793823242
7,tmin,ssp245,2041-2060,19.054166793823242
8,tmin,ssp245,2041-2060,4.008333206176758
9,tmin,ssp245,2041-2060,16.102083206176758
10,tmin,ssp245,2041-2060,6.360416889190674
11,tmin,ssp245,2041-2060,8.710416793823242
12,tmin,ssp245,2041-2060,13.454166412353516
13,tmin,ssp245,2041-2060,8.545833587646484
14,tmin,ssp245,2041-2060,4.554166793823242
15,tmin,ssp245,2041-2060,12.443750381469727
16,tmin,ssp245,2041-2060,6.168749809265137
17,tmin,ssp245,2041-2060,9.895833015441895
18,tmin,ssp245,2041-2060,10.552083015441895
19,tmin,ssp245,2041-2060,6.375
20,tmin,ssp245,2041-2060,5.993750095367432
21,tmin,ssp245,2041-2060,20.21666717529297
22,tmin,ssp245,2041-2060,24.06458282470703
23,tmin,ssp245,2041-2060,16.297916412353516
24,tmin,ssp245,2041-2060,13.256250381469727
1,prec,ssp245,2041-2060,96.75
2,prec,ssp245,2041-2060,47.97916793823242
3,prec,ssp245,2041-2060,20.58333396911621
4,prec,ssp245,2041-2060,42.0625
5,prec,ssp245,2041-2060,24.375
6,prec,ssp245,2041-2060,26.54166603088379
7,prec,ssp245,2041-2060,204.9583282470703
8,prec,ssp245,2041-2060,33.4375
9,prec,ssp245,2041-2060,84.875
10,prec,ssp245,2041-2060,71.70833587646484
11,prec,ssp245,2041-2060,86.39583587646484
12,prec,ssp245,2041-2060,107.89583587646484
13,prec,ssp245,2041-2060,83.83333587646484
14,prec,ssp245,2041-2060,68.14583587646484
15,prec,ssp245,2041-2060,111.04166412353516
16,prec,ssp245,2041-2060,78.6875
17,prec,ssp245,2041-2060,98.47916412353516
18,prec,ssp245,2041-2060,93.75
19,prec,ssp245,2041-2060,33.625
20,prec,ssp245,2041-2060,16.6875
21,prec,ssp245,2041-2060,138.8541717529297
22,prec,ssp245,2041-2060,93.3125
23,prec,ssp245,2041-2060,7.375
24,prec,ssp245,2041-2060,28.33333396911621
1,tmax,ssp245,2061-2080,19.72083282470703
2,tmax,ssp245,2061-2080,17.37291717529297
3,tmax,ssp245,2061-2080,18.983333587646484
4,tmax,ssp245,2061-2080,26.164583206176758
5,tmax,ssp245,2061-2080,27.602083206176758
6,tmax,ssp245,2061-2080,29.102083206176758
7,tmax,ssp245,2061-2080,27.085416793823242
8,tmax,ssp245,2061-2080,21
9,tmax,ssp245,2061-2080,29.42708396911621
10,tmax,ssp245,2061-2080,19.27083396911621
11,tmax,ssp245,2061-2080,20.758333206176758
12,tmax,ssp245,2061-2080,25.65833282470703
13,tmax,ssp245,2061-2080,21.06041717529297
14,tmax,ssp245,2061-2080,15.110416412353516
15,tmax,ssp245,2061-2080,25.59375
16,tmax,ssp245,2061-2080,17.206249237060547
17,tmax,ssp245,2061-2080,22.356250762939453
18,tmax,ssp245,2061-2080,22.86458396911621
19,tmax,ssp245,2061-2080,20.42708396911621
20,tmax,ssp245,2061-2080,20.274999618530273
21,tmax,ssp245,2061-2080,33.20833206176758
22,tmax,ssp245,2061-2080,31.579166412353516
23,tmax,ssp245,2061-2080,34.46458435058594
24,tmax,ssp245,2061-2080,26.514583587646484
1,tmin,ssp245,2061-2080,7.822916507720947
2,tmin,ssp245,2061-2080,5.068749904632568
3,tmin,ssp245,2061-2080,3.5208332538604736
4,tmin,ssp245,2061-2080,10.745833396911621
5,tmin,ssp245,2061-2080,12.458333015441895
6,tmin,ssp245,2061-2080,13.081250190734863
7,tmin,ssp245,2061-2080,19.44791603088379
8,tmin,ssp245,2061-2080,4.633333206176758
9,tmin,ssp245,2061-2080,16.608333587646484
10,tmin,ssp245,2061-2080,7.118750095367432
11,tmin,ssp245,2061-2080,9.383333206176758
12,tmin,ssp245,2061-2080,13.983333587646484
13,tmin,ssp245,2061-2080,9.168749809265137
14,tmin,ssp245,2061-2080,5.264583587646484
15,tmin,ssp245,2061-2080,12.925000190734863
16,tmin,ssp245,2061-2080,6.8416666984558105
17,tmin,ssp245,2061-2080,10.462499618530273
18,tmin,ssp245,2061-2080,11.122916221618652
19,tmin,ssp245,2061-2080,6.902083396911621
20,tmin,ssp245,2061-2080,6.514583110809326
21,tmin,ssp245,2061-2080,20.62708282470703
22,tmin,ssp245,2061-2080,24.429166793823242
23,tmin,ssp245,2061-2080,16.835416793823242
24,tmin,ssp245,2061-2080,13.739583015441895
1,prec,ssp245,2061-2080,98.1875
2,prec,ssp245,2061-2080,48.75
3,prec,ssp245,2061-2080,20.66666603088379
4,prec,ssp245,2061-2080,41.5
5,prec,ssp245,2061-2080,23.60416603088379
6,prec,ssp245,2061-2080,25.54166603088379
7,prec,ssp245,2061-2080,204.0625
8,prec,ssp245,2061-2080,33.16666793823242
9,prec,ssp245,2061-2080,84.66666412353516
10,prec,ssp245,2061-2080,70.72916412353516
11,prec,ssp245,2061-2080,86.97916412353516
12,prec,ssp245,2061-2080,108.97916412353516
13,prec,ssp245,2061-2080,84.45833587646484
14,prec,ssp245,2061-2080,68.66666412353516
15,prec,ssp245,2061-2080,111.22916412353516
16,prec,ssp245,2061-2080,80.10416412353516
17,prec,ssp245,2061-2080,99.22916412353516
18,prec,ssp245,2061-2080,94.47916412353516
19,prec,ssp245,2061-2080,34.1875
20,prec,ssp245,2061-2080,17
21,prec,ssp245,2061-2080,135.4166717529297
22,prec,ssp245,2061-2080,90.45833587646484
23,prec,ssp245,2061-2080,7.229166507720947
24,prec,ssp245,2061-2080,27.35416603088379
1,tmax,ssp245,2081-2100,20.204166412353516
2,tmax,ssp245,2081-2100,17.96875
3,tmax,ssp245,2081-2100,19.639583587646484
4,tmax,ssp245,2081-2100,26.62291717529297
5,tmax,ssp245,2081-2100,28.108333587646484
6,tmax,ssp245,2081-2100,29.597917556762695
7,tmax,ssp245,2081-2100,27.42708396911621
8,tmax,ssp245,2081-2100,21.52916717529297
9,tmax,ssp245,2081-2100,29.87708282470703
10,tmax,ssp245,2081-2100,19.850000381469727
11,tmax,ssp245,2081-2100,21.258333206176758
12,tmax,ssp245,2081-2100,26.05208396911621
13,tmax,ssp245,2081-2100,21.539583206176758
14,tmax,ssp245,2081-2100,15.683333396911621
15,tmax,ssp245,2081-2100,25.931249618530273
16,tmax,ssp245,2081-2100,17.75
17,tmax,ssp245,2081-2100,22.785417556762695
18,tmax,ssp245,2081-2100,23.295833587646484
19,tmax,ssp245,2081-2100,21.018749237060547
20,tmax,ssp245,2081-2100,20.858333587646484
21,tmax,ssp245,2081-2100,33.50416564941406
22,tmax,ssp245,2081-2100,31.860416412353516
23,tmax,ssp245,2081-2100,34.96458435058594
24,tmax,ssp245,2081-2100,26.94791603088379
1,tmin,ssp245,2081-2100,8.268750190734863
2,tmin,ssp245,2081-2100,5.568749904632568
3,tmin,ssp245,2081-2100,4.112500190734863
4,tmin,ssp245,2081-2100,11.172916412353516
5,tmin,ssp245,2081-2100,12.916666984558105
6,tmin,ssp245,2081-2100,13.512499809265137
7,tmin,ssp245,2081-2100,19.77083396911621
8,tmin,ssp245,2081-2100,5.1270833015441895
9,tmin,ssp245,2081-2100,17.047916412353516
10,tmin,ssp245,2081-2100,7.6854166984558105
11,tmin,ssp245,2081-2100,9.925000190734863
12,tmin,ssp245,2081-2100,14.395833015441895
13,tmin,ssp245,2081-2100,9.691666603088379
14,tmin,ssp245,2081-2100,5.868750095367432
15,tmin,ssp245,2081-2100,13.306249618530273
16,tmin,ssp245,2081-2100,7.410416603088379
17,tmin,ssp245,2081-2100,10.916666984558105
18,tmin,ssp245,2081-2100,11.574999809265137
19,tmin,ssp245,2081-2100,7.395833492279053
20,tmin,ssp245,2081-2100,6.9979166984558105
21,tmin,ssp245,2081-2100,20.931249618530273
22,tmin,ssp245,2081-2100,24.722915649414062
23,tmin,ssp245,2081-2100,17.293750762939453
24,tmin,ssp245,2081-2100,14.139583587646484
1,prec,ssp245,2081-2100,97.45833587646484
2,prec,ssp245,2081-2100,48.60416793823242
3,prec,ssp245,2081-2100,20.64583396911621
4,prec,ssp245,2081-2100,41.27083206176758
5,prec,ssp245,2081-2100,23.29166603088379
6,prec,ssp245,2081-2100,25.20833396911621
7,prec,ssp245,2081-2100,201.3541717529297
8,prec,ssp245,2081-2100,33.5
9,prec,ssp245,2081-2100,84.375
10,prec,ssp245,2081-2100,71.54166412353516
11,prec,ssp245,2081-2100,88.0625
12,prec,ssp245,2081-2100,109.35416412353516
13,prec,ssp245,2081-2100,85.47916412353516
14,prec,ssp245,2081-2100,69.02083587646484
15,prec,ssp245,2081-2100,111.625
16,prec,ssp245,2081-2100,80.22916412353516
17,prec,ssp245,2081-2100,100.10416412353516
18,prec,ssp245,2081-2100,95.25
19,prec,ssp245,2081-2100,34.02083206176758
20,prec,ssp245,2081-2100,16.85416603088379
21,prec,ssp245,2081-2100,133.5625
22,prec,ssp245,2081-2100,89.6875
23,prec,ssp245,2081-2100,7.083333492279053
24,prec,ssp245,2081-2100,26.97916603088379
1,tmax,ssp370,2021-2040,18.629165649414062
2,tmax,ssp370,2021-2040,16.039583206176758
3,tmax,ssp370,2021-2040,17.295833587646484
4,tmax,ssp370,2021-2040,24.975000381469727
5,tmax,ssp370,2021-2040,26.18958282470703
6,tmax,ssp370,2021-2040,27.81458282470703
7,tmax,ssp370,2021-2040,26.210416793823242
8,tmax,ssp370,2021-2040,19.31041717529297
9,tmax,ssp370,2021-2040,28.04166603088379
10,tmax,ssp370,2021-2040,17.262500762939453
11,tmax,ssp370,2021-2040,18.945833206176758
12,tmax,ssp370,2021-2040,24.202083587646484
13,tmax,ssp370,2021-2040,19.40833282470703
14,tmax,ssp370,2021-2040,13.439582824707031
15,tmax,ssp370,2021-2040,24.366666793823242
16,tmax,ssp370,2021-2040,15.625
17,tmax,ssp370,2021-2040,20.922916412353516
18,tmax,ssp370,2021-2040,21.445833206176758
19,tmax,ssp370,2021-2040,19.12708282470703
20,tmax,ssp370,2021-2040,19.00208282470703
21,tmax,ssp370,2021-2040,32.30208206176758
22,tmax,ssp370,2021-2040,30.818750381469727
23,tmax,ssp370,2021-2040,33.077083587646484
24,tmax,ssp370,2021-2040,25.3125
1,tmin,ssp370,2021-2040,6.735416412353516
2,tmin,ssp370,2021-2040,3.808333396911621
3,tmin,ssp370,2021-2040,1.8979166746139526
4,tmin,ssp370,2021-2040,9.635416984558105
5,tmin,ssp370,2021-2040,11.210416793823242
6,tmin,ssp370,2021-2040,11.897916793823242
7,tmin,ssp370,2021-2040,18.59583282470703
8,tmin,ssp370,2021-2040,3.164583206176758
9,tmin,ssp370,2021-2040,15.358333587646484
10,tmin,ssp370,2021-2040,5.222916603088379
11,tmin,ssp370,2021-2040,7.699999809265137
12,tmin,ssp370,2021-2040,12.595833778381348
13,tmin,ssp370,2021-2040,7.604166507720947
14,tmin,ssp370,2021-2040,3.5729167461395264
15,tmin,ssp370,2021-2040,11.693750381469727
16,tmin,ssp370,2021-2040,5.2479166984558105
17,tmin,ssp370,2021-2040,9.022916793823242
18,tmin,ssp370,2021-2040,9.693750381469727
19,tmin,ssp370,2021-2040,5.662499904632568
20,tmin,ssp370,2021-2040,5.304166793823242
21,tmin,ssp370,2021-2040,19.712499618530273
22,tmin,ssp370,2021-2040,23.597915649414062
23,tmin,ssp370,2021-2040,15.589583396911621
24,tmin,ssp370,2021-2040,12.635416984558105
1,prec,ssp370,2021-2040,96.14583587646484
2,prec,ssp370,2021-2040,47.60416793823242
3,prec,ssp370,2021-2040,20.375
4,prec,ssp370,2021-2040,41.33333206176758
5,prec,ssp370,2021-2040,23.8125
6,prec,ssp370,2021-2040,25.72916603088379
7,prec,ssp370,2021-2040,206.0833282470703
8,prec,ssp370,2021-2040,33.25
9,prec,ssp370,2021-2040,84.54166412353516
10,prec,ssp370,2021-2040,71.45833587646484
11,prec,ssp370,2021-2040,86.04166412353516
12,prec,ssp370,2021-2040,108.02083587646484
13,prec,ssp370,2021-2040,83.08333587646484
14,prec,ssp370,2021-2040,67.3125
15,prec,ssp370,2021-2040,110.29166412353516
16,prec,ssp370,2021-2040,77.3125
17,prec,ssp370,2021-2040,97.04166412353516
18,prec,ssp370,2021-2040,92.47916412353516
19,prec,ssp370,2021-2040,33.3125
20,prec,ssp370,2021-2040,16.52083396911621
21,prec,ssp370,2021-2040,141
22,prec,ssp370,2021-2040,94.29166412353516
23,prec,ssp370,2021-2040,7.25
24,prec,ssp370,2021-2040,27.45833396911621
1,tmax,ssp370,2041-2060,19.293750762939453
2,tmax,ssp370,2041-2060,16.831249237060547
3,tmax,ssp370,2041-2060,18.347917556762695
4,tmax,ssp370,2041-2060,25.704166412353516
5,tmax,ssp370,2041-2060,27.018749237060547
6,tmax,ssp370,2041-2060,28.570833206176758
7,tmax,ssp370,2041-2060,26.825000762939453
8,tmax,ssp370,2041-2060,20.308332443237305
9,tmax,ssp370,2041-2060,28.941665649414062
10,tmax,ssp370,2041-2060,18.420833587646484
11,tmax,ssp370,2041-2060,19.985416412353516
12,tmax,ssp370,2041-2060,24.981250762939453
13,tmax,ssp370,2041-2060,20.387500762939453
14,tmax,ssp370,2041-2060,14.435416221618652
15,tmax,ssp370,2041-2060,25.077083587646484
16,tmax,ssp370,2041-2060,16.547916412353516
17,tmax,ssp370,2041-2060,21.76041603088379
18,tmax,ssp370,2041-2060,22.289583206176758
19,tmax,ssp370,2041-2060,19.910417556762695
20,tmax,ssp370,2041-2060,19.78125
21,tmax,ssp370,2041-2060,32.89374923706055
22,tmax,ssp370,2041-2060,31.327083587646484
23,tmax,ssp370,2041-2060,33.88750076293945
24,tmax,ssp370,2041-2060,26.018749237060547
1,tmin,ssp370,2041-2060,7.4083333015441895
2,tmin,ssp370,2041-2060,4.5916666984558105
3,tmin,ssp370,2041-2060,2.9437499046325684
4,tmin,ssp370,2041-2060,10.333333015441895
5,tmin,ssp370,2041-2060,11.979166984558105
6,tmin,ssp370,2041-2060,12.641666412353516
7,tmin,ssp370,2041-2060,19.18958282470703
8,tmin,ssp370,2041-2060,4.081250190734863
9,tmin,ssp370,2041-2060,16.25
10,tmin,ssp370,2041-2060,6.375
11,tmin,ssp370,2041-2060,8.697916984558105
12,tmin,ssp370,2041-2060,13.391666412353516
13,tmin,ssp370,2041-2060,8.535416603088379
14,tmin,ssp370,2041-2060,4.618750095367432
15,tmin,ssp370,2041-2060,12.429166793823242
16,tmin,ssp370,2041-2060,6.15625
17,tmin,ssp370,2041-2060,9.837499618530273
18,tmin,ssp370,2041-2060,10.508333206176758
19,tmin,ssp370,2041-2060,6.443749904632568
20,tmin,ssp370,2041-2060,6.085416793823242
21,tmin,ssp370,2041-2060,20.285417556762695
22,tmin,ssp370,2041-2060,24.131250381469727
23,tmin,ssp370,2041-2060,16.375
24,tmin,ssp370,2041-2060,13.341667175292969
1,prec,ssp370,2041-2060,97.0625
2,prec,ssp370,2041-2060,48.08333206176758
3,prec,ssp370,2041-2060,20.58333396911621
4,prec,ssp370,2041-2060,42.125
5,prec,ssp370,2041-2060,24.27083396911621
6,prec,ssp370,2041-2060,26.52083396911621
7,prec,ssp370,2041-2060,204.25
8,prec,ssp370,2041-2060,33.5625
9,prec,ssp370,2041-2060,83.97916412353516
10,prec,ssp370,2041-2060,72.29166412353516
11,prec,ssp370,2041-2060,87.54166412353516
12,prec,ssp370,2041-2060,109.5625
13,prec,ssp370,2041-2060,84.5
14,prec,ssp370,2041-2060,68.79166412353516
15,prec,ssp370,2041-2060,112.47916412353516
16,prec,ssp370,2041-2060,78.33333587646484
17,prec,ssp370,2041-2060,98.45833587646484
18,prec,ssp370,2041-2060,93.8125
19,prec,ssp370,2041-2060,33.6875
20,prec,ssp370,2041-2060,16.77083396911621
21,prec,ssp370,2041-2060,134.9166717529297
22,prec,ssp370,2041-2060,90.35416412353516
23,prec,ssp370,2041-2060,7.395833492279053
24,prec,ssp370,2041-2060,28.4375
1,tmax,ssp370,2061-2080,20.112499237060547
2,tmax,ssp370,2061-2080,17.889583587646484
3,tmax,ssp370,2061-2080,19.61458396911621
4,tmax,ssp370,2061-2080,26.581249237060547
5,tmax,ssp370,2061-2080,28.09583282470703
6,tmax,ssp370,2061-2080,29.566665649414062
7,tmax,ssp370,2061-2080,27.504167556762695
8,tmax,ssp370,2061-2080,21.556249618530273
9,tmax,ssp370,2061-2080,29.941667556762695
10,tmax,ssp370,2061-2080,19.79166603088379
11,tmax,ssp370,2061-2080,21.15625
12,tmax,ssp370,2061-2080,26.08333396911621
13,tmax,ssp370,2061-2080,21.441667556762695
14,tmax,ssp370,2061-2080,15.600000381469727
15,tmax,ssp370,2061-2080,25.95833396911621
16,tmax,ssp370,2061-2080,17.65416717529297
17,tmax,ssp370,2061-2080,22.737499237060547
18,tmax,ssp370,2061-2080,23.24791717529297
19,tmax,ssp370,2061-2080,20.933334350585938
20,tmax,ssp370,2061-2080,20.762500762939453
21,tmax,ssp370,2061-2080,33.608333587646484
22,tmax,ssp370,2061-2080,31.962499618530273
23,tmax,ssp370,2061-2080,34.95000076293945
24,tmax,ssp370,2061-2080,26.943750381469727
1,tmin,ssp370,2061-2080,8.193750381469727
2,tmin,ssp370,2061-2080,5.570833206176758
3,tmin,ssp370,2061-2080,4.1541666984558105
4,tmin,ssp370,2061-2080,11.170833587646484
5,tmin,ssp370,2061-2080,12.931249618530273
6,tmin,ssp370,2061-2080,13.564583778381348
7,tmin,ssp370,2061-2080,19.84583282470703
8,tmin,ssp370,2061-2080,5.210416793823242
9,tmin,ssp370,2061-2080,17.21666717529297
10,tmin,ssp370,2061-2080,7.660416603088379
11,tmin,ssp370,2061-2080,9.833333015441895
12,tmin,ssp370,2061-2080,14.420833587646484
13,tmin,ssp370,2061-2080,9.585416793823242
14,tmin,ssp370,2061-2080,5.808333396911621
15,tmin,ssp370,2061-2080,13.241666793823242
16,tmin,ssp370,2061-2080,7.25
17,tmin,ssp370,2061-2080,10.772916793823242
18,tmin,ssp370,2061-2080,11.4375
19,tmin,ssp370,2061-2080,7.393749713897705
20,tmin,ssp370,2061-2080,6.981249809265137
21,tmin,ssp370,2061-2080,20.972917556762695
22,tmin,ssp370,2061-2080,24.756250381469727
23,tmin,ssp370,2061-2080,17.366666793823242
24,tmin,ssp370,2061-2080,14.191666603088379
1,prec,ssp370,2061-2080,97.70833587646484
2,prec,ssp370,2061-2080,48.89583206176758
3,prec,ssp370,2061-2080,20.5625
4,prec,ssp370,2061-2080,41.4375
5,prec,ssp370,2061-2080,23.35416603088379
6,prec,ssp370,2061-2080,25.29166603088379
7,prec,ssp370,2061-2080,201.7291717529297
8,prec,ssp370,2061-2080,33.1875
9,prec,ssp370,2061-2080,83.25
10,prec,ssp370,2061-2080,71.6875
11,prec,ssp370,2061-2080,88.625
12,prec,ssp370,2061-2080,108.58333587646484
13,prec,ssp370,2061-2080,85.97916412353516
14,prec,ssp370,2061-2080,69.77083587646484
15,prec,ssp370,2061-2080,112.6875
16,prec,ssp370,2061-2080,80.0625
17,prec,ssp370,2061-2080,99.5
18,prec,ssp370,2061-2080,94.83333587646484
19,prec,ssp370,2061-2080,34.16666793823242
20,prec,ssp370,2061-2080,16.91666603088379
21,prec,ssp370,2061-2080,130.4375
22,prec,ssp370,2061-2080,87.1875
23,prec,ssp370,2061-2080,7.1875
24,prec,ssp370,2061-2080,27.125
1,tmax,ssp370,2081-2100,21.027082443237305
2,tmax,ssp370,2081-2100,19
3,tmax,ssp370,2081-2100,20.945833206176758
4,tmax,ssp370,2081-2100,27.539583206176758
5,tmax,ssp370,2081-2100,29.193750381469727
6,tmax,ssp370,2081-2100,30.71666717529297
7,tmax,ssp370,2081-2100,28.258333206176758
8,tmax,ssp370,2081-2100,23.03125
9,tmax,ssp370,2081-2100,31.068750381469727
10,tmax,ssp370,2081-2100,21.266666412353516
11,tmax,ssp370,2081-2100,22.483333587646484
12,tmax,ssp370,2081-2100,27.112499237060547
13,tmax,ssp370,2081-2100,22.71875
14,tmax,ssp370,2081-2100,16.941667556762695
15,tmax,ssp370,2081-2100,27.056249618530273
16,tmax,ssp370,2081-2100,19.016666412353516
17,tmax,ssp370,2081-2100,23.960416793823242
18,tmax,ssp370,2081-2100,24.46666717529297
19,tmax,ssp370,2081-2100,22.016666412353516
20,tmax,ssp370,2081-2100,21.81458282470703
21,tmax,ssp370,2081-2100,34.36458206176758
22,tmax,ssp370,2081-2100,32.65833282470703
23,tmax,ssp370,2081-2100,36.162498474121094
24,tmax,ssp370,2081-2100,27.987499237060547
1,tmin,ssp370,2081-2100,9.081250190734863
2,tmin,ssp370,2081-2100,6.599999904632568
3,tmin,ssp370,2081-2100,5.424999713897705
4,tmin,ssp370,2081-2100,12.112500190734863
5,tmin,ssp370,2081-2100,13.970833778381348
6,tmin,ssp370,2081-2100,14.635416984558105
7,tmin,ssp370,2081-2100,20.577083587646484
8,tmin,ssp370,2081-2100,6.487500190734863
9,tmin,ssp370,2081-2100,18.318750381469727
10,tmin,ssp370,2081-2100,9.122916221618652
11,tmin,ssp370,2081-2100,11.149999618530273
12,tmin,ssp370,2081-2100,15.510416984558105
13,tmin,ssp370,2081-2100,10.84375
14,tmin,ssp370,2081-2100,7.181250095367432
15,tmin,ssp370,2081-2100,14.222916603088379
16,tmin,ssp370,2081-2100,8.606249809265137
17,tmin,ssp370,2081-2100,11.958333015441895
18,tmin,ssp370,2081-2100,12.612500190734863
19,tmin,ssp370,2081-2100,8.420833587646484
20,tmin,ssp370,2081-2100,7.981249809265137
21,tmin,ssp370,2081-2100,21.72083282470703
22,tmin,ssp370,2081-2100,25.456249237060547
23,tmin,ssp370,2081-2100,18.506250381469727
24,tmin,ssp370,2081-2100,15.183333396911621
1,prec,ssp370,2081-2100,99.25
2,prec,ssp370,2081-2100,49.625
3,prec,ssp370,2081-2100,20.77083396911621
4,prec,ssp370,2081-2100,42.125
5,prec,ssp370,2081-2100,23.27083396911621
6,prec,ssp370,2081-2100,24.75
7,prec,ssp370,2081-2100,196.5833282470703
8,prec,ssp370,2081-2100,32.75
9,prec,ssp370,2081-2100,83.14583587646484
10,prec,ssp370,2081-2100,71.89583587646484
11,prec,ssp370,2081-2100,90.3125
12,prec,ssp370,2081-2100,110.77083587646484
13,prec,ssp370,2081-2100,87.29166412353516
14,prec,ssp370,2081-2100,70.9375
15,prec,ssp370,2081-2100,112.10416412353516
16,prec,ssp370,2081-2100,81.70833587646484
17,prec,ssp370,2081-2100,100.60416412353516
18,prec,ssp370,2081-2100,95.77083587646484
19,prec,ssp370,2081-2100,34.85416793823242
20,prec,ssp370,2081-2100,17.3125
21,prec,ssp370,2081-2100,127.41666412353516
22,prec,ssp370,2081-2100,85.64583587646484
23,prec,ssp370,2081-2100,6.958333492279053
24,prec,ssp370,2081-2100,26.375
1,tmax,ssp585,2021-2040,18.82291668653488
2,tmax,ssp585,2021-2040,16.29999998708566
3,tmax,ssp585,2021-2040,17.50624994188547
4,tmax,ssp585,2021-2040,25.1291667620341
5,tmax,ssp585,2021-2040,26.29999993244807
6,tmax,ssp585,2021-2040,27.90416673819224
7,tmax,ssp585,2021-2040,26.331250031789143
8,tmax,ssp585,2021-2040,19.50833327571551
9,tmax,ssp585,2021-2040,28.24166663487752
10,tmax,ssp585,2021-2040,17.633333343081176
11,tmax,ssp585,2021-2040,19.266666635870934
12,tmax,ssp585,2021-2040,24.447916666666668
13,tmax,ssp585,2021-2040,19.683333242932957
14,tmax,ssp585,2021-2040,13.704166676849127
15,tmax,ssp585,2021-2040,24.593750099341076
16,tmax,ssp585,2021-2040,15.88124999900659
17,tmax,ssp585,2021-2040,21.181249896685284
18,tmax,ssp585,2021-2040,21.699999938408535
19,tmax,ssp585,2021-2040,19.39166660110156
20,tmax,ssp585,2021-2040,19.252083381017048
21,tmax,ssp585,2021-2040,32.38124986489614
22,tmax,ssp585,2021-2040,30.858333349227905
23,tmax,ssp585,2021-2040,33.18333347638448
24,tmax,ssp585,2021-2040,25.422916690508526
1,tmin,ssp585,2021-2040,6.927083492279053
2,tmin,ssp585,2021-2040,4.0333333015441895
3,tmin,ssp585,2021-2040,2.1354167461395264
4,tmin,ssp585,2021-2040,9.810416221618652
5,tmin,ssp585,2021-2040,11.387499809265137
6,tmin,ssp585,2021-2040,12.079166412353516
7,tmin,ssp585,2021-2040,18.72083282470703
8,tmin,ssp585,2021-2040,3.3583333492279053
9,tmin,ssp585,2021-2040,15.556249618530273
10,tmin,ssp585,2021-2040,5.510416507720947
11,tmin,ssp585,2021-2040,7.914583206176758
12,tmin,ssp585,2021-2040,12.770833015441895
13,tmin,ssp585,2021-2040,7.793749809265137
14,tmin,ssp585,2021-2040,3.8229167461395264
15,tmin,ssp585,2021-2040,11.891666412353516
16,tmin,ssp585,2021-2040,5.4979166984558105
17,tmin,ssp585,2021-2040,9.277083396911621
18,tmin,ssp585,2021-2040,9.949999809265137
19,tmin,ssp585,2021-2040,5.891666412353516
20,tmin,ssp585,2021-2040,5.5333333015441895
21,tmin,ssp585,2021-2040,19.804166793823242
22,tmin,ssp585,2021-2040,23.668750762939453
23,tmin,ssp585,2021-2040,15.777083396911621
24,tmin,ssp585,2021-2040,12.8125
1,prec,ssp585,2021-2040,95.6875
2,prec,ssp585,2021-2040,47.47916793823242
3,prec,ssp585,2021-2040,20.54166603088379
4,prec,ssp585,2021-2040,41.54166793823242
5,prec,ssp585,2021-2040,24.16666603088379
6,prec,ssp585,2021-2040,26.45833396911621
7,prec,ssp585,2021-2040,209.0833282470703
8,prec,ssp585,2021-2040,33.60416793823242
9,prec,ssp585,2021-2040,84.54166412353516
10,prec,ssp585,2021-2040,70.58333587646484
11,prec,ssp585,2021-2040,84.97916412353516
12,prec,ssp585,2021-2040,106.89583587646484
13,prec,ssp585,2021-2040,82.5625
14,prec,ssp585,2021-2040,66.89583587646484
15,prec,ssp585,2021-2040,110.75
16,prec,ssp585,2021-2040,77.91666412353516
17,prec,ssp585,2021-2040,96.83333587646484
18,prec,ssp585,2021-2040,92.20833587646484
19,prec,ssp585,2021-2040,33.20833206176758
20,prec,ssp585,2021-2040,16.54166603088379
21,prec,ssp585,2021-2040,141.6458282470703
22,prec,ssp585,2021-2040,95.04166412353516
23,prec,ssp585,2021-2040,7.458333492279053
24,prec,ssp585,2021-2040,28.20833396911621
1,tmax,ssp585,2041-2060,19.727083206176758
2,tmax,ssp585,2041-2060,17.381250381469727
3,tmax,ssp585,2041-2060,18.941667556762695
4,tmax,ssp585,2041-2060,26.18541717529297
5,tmax,ssp585,2041-2060,27.575000762939453
6,tmax,ssp585,2041-2060,29.079166412353516
7,tmax,ssp585,2041-2060,27.07291603088379
8,tmax,ssp585,2041-2060,20.862499237060547
9,tmax,ssp585,2041-2060,29.277084350585938
10,tmax,ssp585,2041-2060,18.90833282470703
11,tmax,ssp585,2041-2060,20.393749237060547
12,tmax,ssp585,2041-2060,25.42708396911621
13,tmax,ssp585,2041-2060,20.78125
14,tmax,ssp585,2041-2060,14.872916221618652
15,tmax,ssp585,2041-2060,25.445833206176758
16,tmax,ssp585,2041-2060,17.008333206176758
17,tmax,ssp585,2041-2060,22.212499618530273
18,tmax,ssp585,2041-2060,22.722917556762695
19,tmax,ssp585,2041-2060,20.450000762939453
20,tmax,ssp585,2041-2060,20.293750762939453
21,tmax,ssp585,2041-2060,33.108333587646484
22,tmax,ssp585,2041-2060,31.524999618530273
23,tmax,ssp585,2041-2060,34.44166564941406
24,tmax,ssp585,2041-2060,26.49791717529297
1,tmin,ssp585,2041-2060,7.770833492279053
2,tmin,ssp585,2041-2060,5.054166793823242
3,tmin,ssp585,2041-2060,3.4666666984558105
4,tmin,ssp585,2041-2060,10.716666221618652
5,tmin,ssp585,2041-2060,12.418749809265137
6,tmin,ssp585,2041-2060,13.083333015441895
7,tmin,ssp585,2041-2060,19.420833587646484
8,tmin,ssp585,2041-2060,4.5604166984558105
9,tmin,ssp585,2041-2060,16.570833206176758
10,tmin,ssp585,2041-2060,6.808333396911621
11,tmin,ssp585,2041-2060,9.077083587646484
12,tmin,ssp585,2041-2060,13.770833015441895
13,tmin,ssp585,2041-2060,8.908333778381348
14,tmin,ssp585,2041-2060,5.052083492279053
15,tmin,ssp585,2041-2060,12.762499809265137
16,tmin,ssp585,2041-2060,6.639583110809326
17,tmin,ssp585,2041-2060,10.289583206176758
18,tmin,ssp585,2041-2060,10.949999809265137
19,tmin,ssp585,2041-2060,6.883333206176758
20,tmin,ssp585,2041-2060,6.485416889190674
21,tmin,ssp585,2041-2060,20.52916717529297
22,tmin,ssp585,2041-2060,24.368749618530273
23,tmin,ssp585,2041-2060,16.85416603088379
24,tmin,ssp585,2041-2060,13.745833396911621
1,prec,ssp585,2041-2060,95.875
2,prec,ssp585,2041-2060,47.8125
3,prec,ssp585,2041-2060,20.52083396911621
4,prec,ssp585,2041-2060,41.3125
5,prec,ssp585,2041-2060,23.64583396911621
6,prec,ssp585,2041-2060,25.47916603088379
7,prec,ssp585,2041-2060,204.7708282470703
8,prec,ssp585,2041-2060,33.375
9,prec,ssp585,2041-2060,84.85416412353516
10,prec,ssp585,2041-2060,72
11,prec,ssp585,2041-2060,87.375
12,prec,ssp585,2041-2060,108.5625
13,prec,ssp585,2041-2060,84.375
14,prec,ssp585,2041-2060,69.04166412353516
15,prec,ssp585,2041-2060,111.52083587646484
16,prec,ssp585,2041-2060,79.58333587646484
17,prec,ssp585,2041-2060,99.29166412353516
18,prec,ssp585,2041-2060,94.39583587646484
19,prec,ssp585,2041-2060,33.54166793823242
20,prec,ssp585,2041-2060,16.625
21,prec,ssp585,2041-2060,135.9166717529297
22,prec,ssp585,2041-2060,91.20833587646484
23,prec,ssp585,2041-2060,7.145833492279053
24,prec,ssp585,2041-2060,27.22916603088379
1,tmax,ssp585,2061-2080,20.712499618530273
2,tmax,ssp585,2061-2080,18.610416412353516
3,tmax,ssp585,2061-2080,20.556249618530273
4,tmax,ssp585,2061-2080,27.274999618530273
5,tmax,ssp585,2061-2080,28.91666603088379
6,tmax,ssp585,2061-2080,30.399999618530273
7,tmax,ssp585,2061-2080,27.943750381469727
8,tmax,ssp585,2061-2080,22.589582443237305
9,tmax,ssp585,2061-2080,30.695833206176758
10,tmax,ssp585,2061-2080,20.72083282470703
11,tmax,ssp585,2061-2080,22.03125
12,tmax,ssp585,2061-2080,26.81041717529297
13,tmax,ssp585,2061-2080,22.318750381469727
14,tmax,ssp585,2061-2080,16.464582443237305
15,tmax,ssp585,2061-2080,26.674999237060547
16,tmax,ssp585,2061-2080,18.58333396911621
17,tmax,ssp585,2061-2080,23.612499237060547
18,tmax,ssp585,2061-2080,24.11458396911621
19,tmax,ssp585,2061-2080,21.652082443237305
20,tmax,ssp585,2061-2080,21.462499618530273
21,tmax,ssp585,2061-2080,34.02708435058594
22,tmax,ssp585,2061-2080,32.33541488647461
23,tmax,ssp585,2061-2080,35.82291793823242
24,tmax,ssp585,2061-2080,27.6875
1,tmin,ssp585,2061-2080,8.75
2,tmin,ssp585,2061-2080,6.227083206176758
3,tmin,ssp585,2061-2080,4.987500190734863
4,tmin,ssp585,2061-2080,11.795833587646484
5,tmin,ssp585,2061-2080,13.639583587646484
6,tmin,ssp585,2061-2080,14.295833587646484
7,tmin,ssp585,2061-2080,20.272916793823242
8,tmin,ssp585,2061-2080,6.039583206176758
9,tmin,ssp585,2061-2080,17.920833587646484
10,tmin,ssp585,2061-2080,8.506250381469727
11,tmin,ssp585,2061-2080,10.629166603088379
12,tmin,ssp585,2061-2080,15.118749618530273
13,tmin,ssp585,2061-2080,10.383333206176758
14,tmin,ssp585,2061-2080,6.660416603088379
15,tmin,ssp585,2061-2080,13.962499618530273
16,tmin,ssp585,2061-2080,8.183333396911621
17,tmin,ssp585,2061-2080,11.658333778381348
18,tmin,ssp585,2061-2080,12.302083015441895
19,tmin,ssp585,2061-2080,8.052083015441895
20,tmin,ssp585,2061-2080,7.618750095367432
21,tmin,ssp585,2061-2080,21.452083587646484
22,tmin,ssp585,2061-2080,25.200000762939453
23,tmin,ssp585,2061-2080,18.139583587646484
24,tmin,ssp585,2061-2080,14.847916603088379
1,prec,ssp585,2061-2080,98.6875
2,prec,ssp585,2061-2080,49.04166793823242
3,prec,ssp585,2061-2080,20.8125
4,prec,ssp585,2061-2080,41.75
5,prec,ssp585,2061-2080,23.08333396911621
6,prec,ssp585,2061-2080,24.47916603088379
7,prec,ssp585,2061-2080,202.1458282470703
8,prec,ssp585,2061-2080,32.875
9,prec,ssp585,2061-2080,83.4375
10,prec,ssp585,2061-2080,71.72916412353516
11,prec,ssp585,2061-2080,88.70833587646484
12,prec,ssp585,2061-2080,109.0625
13,prec,ssp585,2061-2080,86.16666412353516
14,prec,ssp585,2061-2080,70.35416412353516
15,prec,ssp585,2061-2080,111.54166412353516
16,prec,ssp585,2061-2080,81.52083587646484
17,prec,ssp585,2061-2080,100.375
18,prec,ssp585,2061-2080,95.52083587646484
19,prec,ssp585,2061-2080,34.3125
20,prec,ssp585,2061-2080,17.10416603088379
21,prec,ssp585,2061-2080,128.8958282470703
22,prec,ssp585,2061-2080,86.8125
23,prec,ssp585,2061-2080,6.875
24,prec,ssp585,2061-2080,26.16666603088379
1,tmax,ssp585,2081-2100,22.08333396911621
2,tmax,ssp585,2081-2100,20.22083282470703
3,tmax,ssp585,2081-2100,22.422916412353516
4,tmax,ssp585,2081-2100,28.758333206176758
5,tmax,ssp585,2081-2100,30.625
6,tmax,ssp585,2081-2100,31.99791717529297
7,tmax,ssp585,2081-2100,29.102083206176758
8,tmax,ssp585,2081-2100,24.620832443237305
9,tmax,ssp585,2081-2100,32.375
10,tmax,ssp585,2081-2100,22.787500381469727
11,tmax,ssp585,2081-2100,23.847915649414062
12,tmax,ssp585,2081-2100,28.387500762939453
13,tmax,ssp585,2081-2100,24.00208282470703
14,tmax,ssp585,2081-2100,18.30208396911621
15,tmax,ssp585,2081-2100,28.15625
16,tmax,ssp585,2081-2100,20.316665649414062
17,tmax,ssp585,2081-2100,25.195833206176758
18,tmax,ssp585,2081-2100,25.6875
19,tmax,ssp585,2081-2100,23.231250762939453
20,tmax,ssp585,2081-2100,23.024999618530273
21,tmax,ssp585,2081-2100,35.11458206176758
22,tmax,ssp585,2081-2100,33.32291793823242
23,tmax,ssp585,2081-2100,37.485416412353516
24,tmax,ssp585,2081-2100,29.179166793823242
1,tmin,ssp585,2081-2100,10.09375
2,tmin,ssp585,2081-2100,7.775000095367432
3,tmin,ssp585,2081-2100,6.768750190734863
4,tmin,ssp585,2081-2100,13.222916603088379
5,tmin,ssp585,2081-2100,15.21875
6,tmin,ssp585,2081-2100,15.858333587646484
7,tmin,ssp585,2081-2100,21.397916793823242
8,tmin,ssp585,2081-2100,7.849999904632568
9,tmin,ssp585,2081-2100,19.56458282470703
10,tmin,ssp585,2081-2100,10.491666793823242
11,tmin,ssp585,2081-2100,12.414583206176758
12,tmin,ssp585,2081-2100,16.706249237060547
13,tmin,ssp585,2081-2100,12.0625
14,tmin,ssp585,2081-2100,8.522916793823242
15,tmin,ssp585,2081-2100,15.431249618530273
16,tmin,ssp585,2081-2100,9.945833206176758
17,tmin,ssp585,2081-2100,13.235416412353516
18,tmin,ssp585,2081-2100,13.889583587646484
19,tmin,ssp585,2081-2100,9.589583396911621
20,tmin,ssp585,2081-2100,9.139583587646484
21,tmin,ssp585,2081-2100,22.539583206176758
22,tmin,ssp585,2081-2100,26.195833206176758
23,tmin,ssp585,2081-2100,19.77916717529297
24,tmin,ssp585,2081-2100,16.299999237060547
1,prec,ssp585,2081-2100,99.22916412353516
2,prec,ssp585,2081-2100,50.16666793823242
3,prec,ssp585,2081-2100,20.79166603088379
4,prec,ssp585,2081-2100,41.10416793823242
5,prec,ssp585,2081-2100,22.10416603088379
6,prec,ssp585,2081-2100,23.3125
7,prec,ssp585,2081-2100,202.3958282470703
8,prec,ssp585,2081-2100,32.33333206176758
9,prec,ssp585,2081-2100,82.5625
10,prec,ssp585,2081-2100,72.79166412353516
11,prec,ssp585,2081-2100,91.14583587646484
12,prec,ssp585,2081-2100,110.02083587646484
13,prec,ssp585,2081-2100,88.52083587646484
14,prec,ssp585,2081-2100,72.95833587646484
15,prec,ssp585,2081-2100,110.02083587646484
16,prec,ssp585,2081-2100,83.47916412353516
17,prec,ssp585,2081-2100,101.52083587646484
18,prec,ssp585,2081-2100,96.47916412353516
19,prec,ssp585,2081-2100,35.27083206176758
20,prec,ssp585,2081-2100,17.375
21,prec,ssp585,2081-2100,121.1875
22,prec,ssp585,2081-2100,82.625
23,prec,ssp585,2081-2100,6.6875
24,prec,ssp585,2081-2100,24.89583396911621
