"","ID","tmax01","tmax02","tmax03","tmax04","tmax05","tmax06","tmax07","tmax08","tmax09","tmax10","tmax11","tmax12","tmax01","tmax02","tmax03","tmax04","tmax05","tmax06","tmax07","tmax08","tmax09","tmax10","tmax11","tmax12","tmax01","tmax02","tmax03","tmax04","tmax05","tmax06","tmax07","tmax08","tmax09","tmax10","tmax11","tmax12","tmax01","tmax02","tmax03","tmax04","tmax05","tmax06","tmax07","tmax08","tmax09","tmax10","tmax11","tmax12","tmax01","tmax02","tmax03","tmax04","tmax05","tmax06","tmax07","tmax08","tmax09","tmax10","tmax11","tmax12","tmax01","tmax02","tmax03","tmax04","tmax05","tmax06","tmax07","tmax08","tmax09","tmax10","tmax11","tmax12","tmax01","tmax02","tmax03","tmax04","tmax05","tmax06","tmax07","tmax08","tmax09","tmax10","tmax11","tmax12","tmax01","tmax02","tmax03","tmax04","tmax05","tmax06","tmax07","tmax08","tmax09","tmax10","tmax11","tmax12","tmax01","tmax02","tmax03","tmax04","tmax05","tmax06","tmax07","tmax08","tmax09","tmax10","tmax11","tmax12","tmax01","tmax02","tmax03","tmax04","tmax05","tmax06","tmax07","tmax08","tmax09","tmax10","tmax11","tmax12"
"1",1,9.39999961853027,12.1999998092651,14.6999998092651,17.6000003814697,21.7000007629395,25.2000007629395,29.6000003814697,30.1000003814697,27.2999992370605,20.7999992370605,13.1000003814697,9.30000019073486,102.300003051758,105.199996948242,107.800003051758,111.800003051758,116.900001525879,122.300003051758,129.399993896484,128.699996948242,124.699996948242,116.800003051758,107,102.5,10.1000003814697,12.6000003814697,15,17.7999992370605,21.7000007629395,25.3999996185303,30.2999992370605,31,27.6000003814697,21.1000003814697,13.5,9.89999961853027,9.39999961853027,11.8999996185303,14.1999998092651,17.2000007629395,21,24.3999996185303,28.3999996185303,29.6000003814697,26.6000003814697,20.5,13.3000001907349,9.19999980926514,9.89999961853027,12,14.5,17.7000007629395,20.7000007629395,24.8999996185303,28.7999992370605,30,26.6000003814697,20.5,12.6999998092651,9.39999961853027,9.60000038146973,11.8000001907349,14.5,17,20.7000007629395,24.7999992370605,29,29.6000003814697,26.5,20.2999992370605,12.6000003814697,9.30000019073486,9.5,11.8999996185303,14.6000003814697,17.3999996185303,21.1000003814697,24.7999992370605,29,29.6000003814697,26.5,20.2999992370605,13.1999998092651,9.30000019073486,8.39999961853027,10.8000001907349,14.1999998092651,16.3999996185303,20.2000007629395,24.1000003814697,28.7000007629395,29.1000003814697,26.2000007629395,19.6000003814697,13,8.60000038146973,9,11.3999996185303,14.3000001907349,16.8999996185303,20.2000007629395,24.3999996185303,28.6000003814697,29.2999992370605,26.5,19.7999992370605,12.6000003814697,8.89999961853027,9,11.8999996185303,14.3000001907349,16.8999996185303,21.2000007629395,24.6000003814697,29.1000003814697,29.7000007629395,26.7999992370605,20.7000007629395,12.8000001907349,9.19999980926514
"2",2,3.09999990463257,7,10.6999998092651,15.3999996185303,20.5,25.3999996185303,31.3999996185303,32.4000015258789,26.6000003814697,18.2000007629395,7.80000019073486,3.29999995231628,93.5999984741211,97,102.099998474121,108.400001525879,116.099998474121,123.099998474121,132.300003051758,130.800003051758,122.5,112.900001525879,100,94.5,4.40000009536743,7.5,11.3999996185303,16.2000007629395,21.1000003814697,25.2999992370605,31.7999992370605,33.5999984741211,26.8999996185303,18.7000007629395,8.5,4.40000009536743,3.5,7.09999990463257,10.3000001907349,15.1999998092651,20.1000003814697,24.1000003814697,29.5,31.2000007629395,25.2000007629395,17.7999992370605,8.10000038146973,3.40000009536743,3.59999990463257,7,11,15.8999996185303,20,24.2000007629395,29.8999996185303,31.2000007629395,25.1000003814697,18,7.90000009536743,3.70000004768372,3.90000009536743,7,11.3999996185303,15.3000001907349,19.6000003814697,24.2999992370605,29.7000007629395,31,24.7000007629395,17.7000007629395,7.5,3.70000004768372,3.09999990463257,6.40000009536743,10.6000003814697,15.6000003814697,20.7000007629395,25,30.1000003814697,31.2999992370605,25.2000007629395,17.5,7.90000009536743,3.29999995231628,2.40000009536743,5.30000019073486,10.3000001907349,14.3999996185303,19.1000003814697,23.8999996185303,30,30.7000007629395,24.7999992370605,16.7000007629395,7.59999990463257,2.79999995231628,3,6.09999990463257,10.3999996185303,14.6999998092651,18.8999996185303,23.7999992370605,29.3999996185303,30.6000003814697,24.7999992370605,16.8999996185303,7.40000009536743,3.20000004768372,2.90000009536743,6.59999990463257,10.3999996185303,14.8999996185303,20.2999992370605,24.6000003814697,30.2000007629395,31.2000007629395,25.6000003814697,18.2000007629395,7.69999980926514,3.5
"3",3,2.29999995231628,6.19999980926514,11.5,17.2000007629395,21.7000007629395,28.3999996185303,33.4000015258789,33.5999984741211,28.2000007629395,20.2000007629395,9.30000019073486,2.90000009536743,90.8000030517578,93.9000015258789,101,109.400001525879,118.300003051758,125.900001525879,133.5,132.5,124,114.900001525879,100.599998474121,92.5,2,5.09999990463257,10.6000003814697,17.3999996185303,23.2000007629395,27.8999996185303,33.5,33.5,27.8999996185303,20.8999996185303,10,3.20000004768372,1.39999997615814,5.19999980926514,10.6000003814697,16.5,21.7000007629395,27.1000003814697,32.7000007629395,33.0999984741211,26.7999992370605,19.7000007629395,9.80000019073486,2.90000009536743,2.20000004768372,5.5,10.8000001907349,18,22.2999992370605,27.1000003814697,32.5,32.5999984741211,27.2999992370605,20.2000007629395,9.89999961853027,2.79999995231628,2,5.30000019073486,11.3999996185303,17.2999992370605,21.5,26.6000003814697,31.7000007629395,32.2000007629395,26.3999996185303,19.8999996185303,9.39999961853027,2.70000004768372,1.20000004768372,4.80000019073486,10.8000001907349,18.2000007629395,22.2999992370605,27,32.0999984741211,32.5999984741211,26.8999996185303,19.6000003814697,9.60000038146973,2.5,0.899999976158142,3.59999990463257,10.3000001907349,15.6000003814697,20.5,26.5,31.7000007629395,31.7999992370605,26.2000007629395,18.7000007629395,9.10000038146973,1.79999995231628,1,4.30000019073486,10.1999998092651,15.8999996185303,20.1000003814697,26.2999992370605,31.6000003814697,31.7000007629395,26,18.8999996185303,8.5,2,1.39999997615814,5.30000019073486,11,16.3999996185303,21.7000007629395,27.1000003814697,32.7000007629395,33.4000015258789,27.7999992370605,21,9.19999980926514,2.59999990463257
"4",4,13.6000003814697,17.2000007629395,20,24.2999992370605,29.2000007629395,33,36,35.5,34,28.6000003814697,19.7000007629395,14,107.300003051758,111.300003051758,114.199996948242,121,126.699996948242,132.600006103516,137.399993896484,136.899993896484,134,127,115.199996948242,107.900001525879,14,17.6000003814697,20.2000007629395,24.5,29.2000007629395,33.4000015258789,36.2999992370605,35.7999992370605,34,29.1000003814697,20.1000003814697,14.1999998092651,13,16.8999996185303,19.3999996185303,23.7999992370605,28.7999992370605,33,35.5,34.7999992370605,33.5,28.8999996185303,20,13.3999996185303,13.8999996185303,17.2000007629395,20,24.2999992370605,28.7000007629395,32.7999992370605,34.9000015258789,34.7999992370605,33.5999984741211,28.2999992370605,19.2000007629395,13.5,13.3000001907349,16.6000003814697,19.2000007629395,23.7999992370605,28.2999992370605,32.5,34.9000015258789,34.7999992370605,33.5,28.5,19.2999992370605,13.6000003814697,13.3999996185303,17.2000007629395,20,24.2000007629395,28.5,32.7000007629395,35.2000007629395,35.0999984741211,33.2999992370605,28.2000007629395,19.7999992370605,13.6000003814697,12.1999998092651,15.8000001907349,19.1000003814697,22.7999992370605,27.8999996185303,32.0999984741211,34.7999992370605,34.4000015258789,32.5,27.1000003814697,19.3999996185303,13.1999998092651,12.6000003814697,16.3999996185303,19.3999996185303,23.3999996185303,27.6000003814697,32.4000015258789,35,34.4000015258789,32.9000015258789,27.6000003814697,18.7999992370605,13,13,17.2000007629395,19.5,23.7999992370605,28.7000007629395,32.5999984741211,35.4000015258789,35.7000007629395,34,29.1000003814697,19.3999996185303,13.5
"5",5,14,18.2000007629395,21.2000007629395,25.6000003814697,30.7000007629395,34.7999992370605,38.7000007629395,38,34.7999992370605,28.6000003814697,19.8999996185303,14.3000001907349,107.199996948242,111.900001525879,115.599998474121,122.800003051758,129.100006103516,135.399993896484,141,140.199996948242,135,127.199996948242,115.699996948242,108,14.3999996185303,18.7000007629395,21.5,25.7999992370605,30.5,34.9000015258789,38.7000007629395,38,34.4000015258789,28.7999992370605,20.2000007629395,14.5,13.1999998092651,17.8999996185303,20.6000003814697,25.2000007629395,30.6000003814697,35.2000007629395,38.5,37.5,34.2999992370605,28.6000003814697,19.8999996185303,13.6000003814697,14.3000001907349,18.2000007629395,21.1000003814697,25.5,29.8999996185303,34.2000007629395,37.7000007629395,37.2000007629395,34.2999992370605,28.1000003814697,19.1000003814697,13.3999996185303,13.8000001907349,17.6000003814697,20.3999996185303,24.8999996185303,29.6000003814697,34.0999984741211,37.5,37.0999984741211,33.7999992370605,28.2000007629395,19.3999996185303,13.8999996185303,13.8999996185303,18.5,21.7999992370605,25.6000003814697,29.8999996185303,34.4000015258789,37.7999992370605,37.2999992370605,33.7999992370605,28,19.7999992370605,13.8999996185303,12.3999996185303,16.5,20.2999992370605,24,29.5,34,37.5999984741211,37,33.4000015258789,27,19.6000003814697,13.3000001907349,12.8000001907349,17.3999996185303,20.5,24.6000003814697,29.1000003814697,34.2999992370605,37.5,36.5999984741211,33.2999992370605,27.2000007629395,18.7000007629395,13,13.5,18.2999992370605,20.7999992370605,25.1000003814697,30.2999992370605,34.5,38.5,38.5,34.2000007629395,29,19.3999996185303,13.6999998092651
"6",6,20.8999996185303,22,23,26.2000007629395,28.5,32.2999992370605,36.4000015258789,37,34.9000015258789,30.6000003814697,25.2999992370605,21.6000003814697,116.099998474121,117.099998474121,119.099998474121,124.699996948242,128.199996948242,133.5,139,139.300003051758,135.300003051758,129.600006103516,122.199996948242,117,21.5,22.5,23.2000007629395,26.3999996185303,28.2999992370605,32.5,36.7999992370605,37,34.5,30.7000007629395,25.5,21.8999996185303,20.2000007629395,21.7000007629395,22.2999992370605,26.2000007629395,28.7000007629395,32.5999984741211,36.2000007629395,36.4000015258789,34.2999992370605,30.3999996185303,24.8999996185303,21,21.1000003814697,21.6000003814697,22.5,26,27.8999996185303,31.6000003814697,35.4000015258789,36.2000007629395,34,30.1000003814697,24.2999992370605,20.7999992370605,20.7999992370605,21.5,22,25.7999992370605,27.7999992370605,31.6000003814697,35.7000007629395,36.2000007629395,33.7999992370605,30.2000007629395,24.7999992370605,21.2000007629395,20.7000007629395,21.8999996185303,22.7000007629395,26,27.7999992370605,32,35.9000015258789,36.2999992370605,34,29.7999992370605,25,21.1000003814697,19.7999992370605,20.5,22,25.1000003814697,27.7000007629395,31.6000003814697,35.2000007629395,35.5,33.5,29.2000007629395,24.6000003814697,20.6000003814697,20.1000003814697,21.3999996185303,22.2000007629395,25.5,27.2999992370605,31.8999996185303,35.2999992370605,35.5,33.4000015258789,29.2999992370605,24.1000003814697,20.5,20.6000003814697,22.1000003814697,22.7000007629395,26.3999996185303,28.6000003814697,32.5999984741211,36.5999984741211,37.0999984741211,34.2000007629395,30.8999996185303,24.7999992370605,21.1000003814697
"7",7,25.8999996185303,25.7999992370605,25.6000003814697,25.7000007629395,26.2000007629395,27,27.3999996185303,28.1000003814697,28.3999996185303,28.1000003814697,27,25.8999996185303,124.900001525879,124.699996948242,124.5,124.5,125.199996948242,126.300003051758,126.900001525879,127.599998474121,128,127.699996948242,126.400001525879,125.099998474121,25.8999996185303,25.7999992370605,25.7000007629395,25.6000003814697,26,26.7999992370605,27.1000003814697,27.7999992370605,28.2000007629395,27.8999996185303,26.7000007629395,25.7999992370605,25.2999992370605,25.3999996185303,25.2000007629395,25.1000003814697,25.7000007629395,26.5,27,27.5,27.7999992370605,27.5,26.3999996185303,25.5,25.7000007629395,25.5,25.2000007629395,25.3999996185303,25.8999996185303,26.7999992370605,27.1000003814697,27.8999996185303,27.8999996185303,27.7000007629395,26.2999992370605,25.7000007629395,25.7000007629395,25.7000007629395,25.6000003814697,25.6000003814697,25.8999996185303,26.7000007629395,27.2999992370605,27.7999992370605,28,27.6000003814697,26.6000003814697,25.7000007629395,25.5,25.5,25.2999992370605,25.2000007629395,25.6000003814697,26.5,26.8999996185303,27.5,27.8999996185303,27.6000003814697,26.5,25.5,25.2999992370605,25.2999992370605,25.1000003814697,24.8999996185303,25.2999992370605,26.1000003814697,26.5,27.2000007629395,27.5,27.2000007629395,26,25.2999992370605,25.2999992370605,25.2999992370605,25.1000003814697,25,25.5,26.2999992370605,26.6000003814697,27.2999992370605,27.6000003814697,27.2999992370605,26.1000003814697,25.2999992370605,25.3999996185303,25.3999996185303,25.2999992370605,25.2999992370605,25.7999992370605,26.5,27.1000003814697,27.6000003814697,27.8999996185303,27.7000007629395,26.3999996185303,25.5
"8",8,6.30000019073486,10,13.1999998092651,18.2000007629395,23.5,30.5,33.4000015258789,32.5,28.3999996185303,21.3999996185303,12,7.19999980926514,97.0999984741211,99.6999969482422,105.599998474121,112,121,129.100006103516,133.300003051758,132,124.099998474121,115.900001525879,103.5,98.3000030517578,7.09999990463257,10,13.8999996185303,18.8999996185303,24.3999996185303,30.3999996185303,33.4000015258789,31.8999996185303,27.8999996185303,21.7000007629395,12.6000003814697,8.10000038146973,6.09999990463257,9.30000019073486,13.1999998092651,18.2999992370605,23.3999996185303,29.5,34,32.5999984741211,27.1000003814697,20.2000007629395,12,7.69999980926514,6.59999990463257,9.80000019073486,13.6000003814697,18.3999996185303,23.5,29.1000003814697,32.5,31.1000003814697,27.2000007629395,20.5,11.8000001907349,6.5,6.80000019073486,9.69999980926514,13.3999996185303,18,23.5,28.7000007629395,32.0999984741211,31.1000003814697,26.5,20.8999996185303,12.1999998092651,7.5,6.09999990463257,9.5,13.6000003814697,18.3999996185303,23.7999992370605,29.1000003814697,32.5,31.5,26.8999996185303,20.2999992370605,12,7,5.90000009536743,8.19999980926514,13.1999998092651,17.7000007629395,22.2999992370605,29.1000003814697,32,31.5,26.6000003814697,20.2000007629395,10.6999998092651,6.09999990463257,6,9.19999980926514,13,17,22.2999992370605,28.6000003814697,32,31,26.1000003814697,19.7999992370605,10.8999996185303,6.80000019073486,6.40000009536743,9.5,14.1000003814697,18.6000003814697,23.3999996185303,29.5,32.9000015258789,32,27.5,21.7999992370605,11.8999996185303,7.19999980926514
"9",9,16.7999992370605,20,24.5,28.3999996185303,31.3999996185303,35,36.7000007629395,37.4000015258789,35,30.7000007629395,24.2999992370605,19.6000003814697,112.599998474121,116,122.300003051758,126.300003051758,133,137.5,140.199996948242,141.100006103516,136.199996948242,129,119.699996948242,114.800003051758,17.3999996185303,20.2000007629395,24.5,28.5,32,35.2000007629395,36.5,36.7000007629395,34.5,30.7000007629395,24.1000003814697,19.3999996185303,16.6000003814697,19.2999992370605,24.1000003814697,28.1000003814697,31,34.5,36.5,37,34.0999984741211,29.6000003814697,23.2999992370605,19.2000007629395,17.2000007629395,19.8999996185303,24,27.2000007629395,31,34.7000007629395,37.4000015258789,37.4000015258789,34.7000007629395,30.1000003814697,23.2999992370605,19.2000007629395,17.3999996185303,19.7000007629395,24.1000003814697,27.6000003814697,31.1000003814697,34.7999992370605,37.4000015258789,37.5,34.7000007629395,30,23.7000007629395,18.8999996185303,17,19.8999996185303,24.2999992370605,28,31.1000003814697,34.4000015258789,36.5999984741211,37.2000007629395,35,30.5,23.7999992370605,19.3999996185303,17.1000003814697,18.7000007629395,23,27.6000003814697,30.3999996185303,34,35.7000007629395,36,33.7999992370605,29.5,22.1000003814697,17.7999992370605,17.1000003814697,19.8999996185303,23.6000003814697,27.3999996185303,30.6000003814697,33.7000007629395,36.0999984741211,36.5999984741211,33.7000007629395,29.3999996185303,22.7999992370605,18.7000007629395,17.5,19.7999992370605,24.5,28,31.2000007629395,34.7999992370605,37.5999984741211,38.5999984741211,35.4000015258789,31.2000007629395,24.2000007629395,19.5
"10",10,-1.29999995231628,3,9.80000019073486,17.8999996185303,24.6000003814697,30.6000003814697,33.4000015258789,32.2999992370605,28.7000007629395,21.1000003814697,10,1.79999995231628,89,93.6999969482422,104.199996948242,114.699996948242,124.199996948242,132.199996948242,134.899993896484,133.800003051758,126.199996948242,115.800003051758,101.699996948242,92.5999984741211,0.200000002980232,3.59999990463257,10.3999996185303,18.1000003814697,25,30.7000007629395,34.2999992370605,31.7000007629395,28.7000007629395,20.7000007629395,10.1999998092651,2.59999990463257,0.899999976158142,5.19999980926514,12.1000003814697,18.3999996185303,24.8999996185303,30.7000007629395,33.7000007629395,31.7999992370605,27.2000007629395,20.1000003814697,10,3.5,-1,4.19999980926514,9.69999980926514,17.5,24,28.6000003814697,31.3999996185303,29.6000003814697,26.2999992370605,19.2000007629395,9.80000019073486,1.89999997615814,0.100000001490116,3.59999990463257,10,17.3999996185303,23.7999992370605,28.5,31.3999996185303,30.5,26.8999996185303,19.5,9.80000019073486,1.89999997615814,0,4.59999990463257,12.1000003814697,18.7000007629395,24.7999992370605,30.2000007629395,33,31.7000007629395,28,20.5,9.69999980926514,2.20000004768372,-1,2.5,9.39999961853027,16.6000003814697,23,29.1000003814697,31.1000003814697,29.6000003814697,26,19.1000003814697,8,0.800000011920929,-1,2.70000004768372,9.5,16.7999992370605,23.1000003814697,28.6000003814697,31,29.2000007629395,25.1000003814697,18.7999992370605,8.89999961853027,1.29999995231628,-0.899999976158142,3.20000004768372,10.6999998092651,17.7999992370605,24.2999992370605,29.5,31.8999996185303,30.8999996185303,27.2000007629395,20.3999996185303,9.80000019073486,1.89999997615814
"11",11,1.79999995231628,5.19999980926514,11.8999996185303,19.1000003814697,25.5,31.2999992370605,33.7999992370605,33,29.6000003814697,22.2999992370605,13.1999998092651,5.69999980926514,92.8000030517578,96.5,106.5,115.300003051758,124.699996948242,133.300003051758,135,134.5,127.300003051758,117.5,104.900001525879,97.4000015258789,2.90000009536743,5.30000019073486,12.1000003814697,19.1000003814697,25.6000003814697,31.2999992370605,34,32.5,29,22.2000007629395,13,6.19999980926514,3.70000004768372,6.59999990463257,13.1999998092651,19.2000007629395,25.5,30.8999996185303,33.7000007629395,32.5999984741211,28.2999992370605,21.6000003814697,12.3999996185303,6.5,1.79999995231628,5.59999990463257,11.3000001907349,17.7999992370605,24.7999992370605,29.7000007629395,32.2000007629395,31,28,20.7999992370605,12.1000003814697,5.19999980926514,2.59999990463257,5.19999980926514,11.6999998092651,18.2999992370605,24.7000007629395,29.6000003814697,32,31.3999996185303,28.2999992370605,20.8999996185303,12.5,5.19999980926514,2.5,5.80000019073486,12.8999996185303,19.5,25.7999992370605,31.2999992370605,33.5999984741211,32.5999984741211,29.2999992370605,22,12.6000003814697,5.80000019073486,2.40000009536743,4.80000019073486,11.1999998092651,18,23.8999996185303,29.7999992370605,31.5,30.2000007629395,27,20.5,10.8000001907349,4.19999980926514,1.79999995231628,4.80000019073486,11.3000001907349,17.8999996185303,24.2000007629395,29.6000003814697,31.5,30,26.5,20.2999992370605,11.6000003814697,4.80000019073486,2.40000009536743,5.40000009536743,12.8000001907349,19,25.1000003814697,30.5,32.4000015258789,31.3999996185303,28.2999992370605,21.6000003814697,12.6999998092651,5.69999980926514
"12",12,10.5,14.3000001907349,19.2999992370605,24.7000007629395,29.2000007629395,33.7999992370605,35.9000015258789,35.2999992370605,32.2999992370605,27.5,19.3999996185303,14,104.199996948242,108.5,115.5,122.199996948242,130.300003051758,137.100006103516,139.399993896484,139.100006103516,132.899993896484,124.5,113.400001525879,107.400001525879,11.1999998092651,14.3999996185303,19.1000003814697,24.3999996185303,29.5,34.0999984741211,35.2999992370605,34,31.2999992370605,27.2999992370605,19.2999992370605,13.6999998092651,10.8000001907349,13.8999996185303,19.1000003814697,24.3999996185303,28.7999992370605,33.0999984741211,35.4000015258789,34.5,31.1000003814697,26.2000007629395,18.6000003814697,13.6999998092651,10.5,13.8999996185303,18.6000003814697,23.5,28.5,32.7999992370605,35.5999984741211,34.7999992370605,31.5,26.5,18.3999996185303,13.3000001907349,11.1999998092651,14.1000003814697,18.7999992370605,23.8999996185303,28.5,32.7999992370605,35.0999984741211,34.5999984741211,31.2000007629395,26.2999992370605,18.8999996185303,13,10.6000003814697,14.3000001907349,19.7000007629395,24.6000003814697,28.8999996185303,33.2999992370605,35.7999992370605,35.2999992370605,32.4000015258789,27.2999992370605,19.2000007629395,13.6999998092651,10.6999998092651,13.1000003814697,18.2999992370605,23.6000003814697,27.8999996185303,32.4000015258789,33.5999984741211,32.4000015258789,30.7999992370605,26,17.3999996185303,11.8999996185303,10.5,14,18.5,23.2000007629395,28.1000003814697,32.2999992370605,33.7999992370605,33,30,25.7000007629395,18,12.8000001907349,11.3999996185303,14.1999998092651,19.5,24.2000007629395,28.6000003814697,33,35.2999992370605,34.5,31.8999996185303,27.1000003814697,19.1000003814697,13.8000001907349
"13",13,3.70000004768372,6.5,12.8000001907349,19.5,25.7999992370605,30.5,33.2000007629395,32.5999984741211,29.1000003814697,22.2999992370605,14.3000001907349,7.40000009536743,94.6999969482422,98.3000030517578,107,115.199996948242,124,132,134.300003051758,133.699996948242,126.699996948242,117.199996948242,105.800003051758,98.8000030517578,4.5,6.59999990463257,13.1000003814697,19.3999996185303,25.5,30.6000003814697,33.5999984741211,32.0999984741211,28.3999996185303,22.3999996185303,14,7.90000009536743,5.19999980926514,7.5,13.3999996185303,19.7999992370605,25.7999992370605,30.6000003814697,33,32.2000007629395,28.2999992370605,21.7999992370605,13.3999996185303,7.90000009536743,3.59999990463257,6.19999980926514,11.8999996185303,18.2999992370605,24.8999996185303,29.2999992370605,31.6000003814697,30.7000007629395,27.6000003814697,21,12.8000001907349,7,4.40000009536743,6.5,12.3999996185303,18.7999992370605,24.8999996185303,29.2000007629395,31.6000003814697,31.2999992370605,28,21.2999992370605,13.5,6.90000009536743,3.79999995231628,6.59999990463257,13.1999998092651,19.7000007629395,25.7000007629395,30.7000007629395,33.0999984741211,32.5999984741211,29.2000007629395,22.1000003814697,13.5,7.30000019073486,4.40000009536743,6.30000019073486,12,18.2999992370605,23.8999996185303,28.8999996185303,31,30.6000003814697,27.2999992370605,20.8999996185303,11.8999996185303,6,3.40000009536743,6.09999990463257,12.1999998092651,18.3999996185303,24.5,29.1000003814697,31.2999992370605,30.6000003814697,26.7999992370605,20.6000003814697,12.6999998092651,6.40000009536743,4.40000009536743,6.80000019073486,13.8000001907349,19.3999996185303,25.2000007629395,29.6000003814697,31.7999992370605,31.3999996185303,28.3999996185303,21.8999996185303,13.6999998092651,7.80000019073486
"14",14,-1,0.5,5.40000009536743,11.8999996185303,19.7999992370605,25.6000003814697,29,28.3999996185303,24.1000003814697,17,8.5,2.09999990463257,86.0999984741211,89.0999984741211,98.3000030517578,107.300003051758,117.199996948242,124.300003051758,127.400001525879,127.199996948242,119.199996948242,110.099998474121,99.4000015258789,91,-1.20000004768372,0.100000001490116,5.59999990463257,12.8999996185303,20,25.7000007629395,29.2999992370605,28.2000007629395,23.7000007629395,16.7999992370605,8.80000019073486,2.29999995231628,-1.70000004768372,0.200000002980232,5.30000019073486,12,19.7999992370605,25.6000003814697,28.7000007629395,27.2999992370605,22.1000003814697,15.8000001907349,7.59999990463257,1.29999995231628,-1.79999995231628,0.300000011920929,4.19999980926514,11.3000001907349,18.7000007629395,23.7000007629395,27.6000003814697,26.8999996185303,22.3999996185303,15.5,8,2,-1.5,-0.100000001490116,5,11.6000003814697,18.5,23.8999996185303,28.5,27.6000003814697,22.6000003814697,15.8000001907349,8.30000019073486,1.89999997615814,-1.79999995231628,0,5.30000019073486,12.8999996185303,19.7000007629395,25.1000003814697,28.2000007629395,27.5,23.1000003814697,16.1000003814697,7.69999980926514,1.70000004768372,-2,0.100000001490116,4.69999980926514,11.3000001907349,19,24.5,27.2999992370605,26.7000007629395,21.7000007629395,15.1999998092651,6.69999980926514,0.699999988079071,-2.09999990463257,-0.300000011920929,5.09999990463257,11.3000001907349,18.6000003814697,24.2000007629395,27.2000007629395,26.3999996185303,21.3999996185303,15.1000003814697,7.5,1,-1.70000004768372,0.5,6.30000019073486,12.3000001907349,19.5,24.6000003814697,27.7999992370605,27.2000007629395,22.8999996185303,16.5,8.39999961853027,2
"15",15,13.3000001907349,16.3999996185303,20.8999996185303,25.2999992370605,29.1000003814697,32.5999984741211,34.2000007629395,33.7000007629395,31,26.1000003814697,20.8999996185303,15.8999996185303,107.699996948242,111.5,117.800003051758,122.900001525879,130,135.5,137.5,136.300003051758,131.5,123.5,115.699996948242,110,13.6000003814697,16.3999996185303,20.7999992370605,25,29.2000007629395,32.7000007629395,33.7999992370605,32.5,30.3999996185303,25.7000007629395,20.8999996185303,15.6999998092651,13.5,15.8000001907349,20.7000007629395,24.7000007629395,28.7000007629395,31.8999996185303,33.5,32.7000007629395,30.2999992370605,25.3999996185303,20,15.6999998092651,13,15.6999998092651,20.2000007629395,24.2999992370605,28.8999996185303,31.8999996185303,33.7999992370605,33,30.2999992370605,25.2000007629395,19.7999992370605,15.1000003814697,13.5,15.8999996185303,20.3999996185303,24.6000003814697,28.5,31.8999996185303,33.7999992370605,32.7000007629395,30.2999992370605,25.1000003814697,20.2000007629395,14.8999996185303,13.3000001907349,16.2999992370605,21.1000003814697,25.1000003814697,29,32.5999984741211,34,33.4000015258789,30.8999996185303,25.8999996185303,20.5,15.6999998092651,13.6000003814697,15.5,20,24.2000007629395,28,31.6000003814697,32.7000007629395,31.8999996185303,29.8999996185303,25.2999992370605,19,14.3999996185303,12.8000001907349,15.8999996185303,20.2000007629395,24,28.1000003814697,31.5,32.7000007629395,32.0999984741211,29.3999996185303,24.7999992370605,19.6000003814697,14.6000003814697,14,16.1000003814697,21.2999992370605,24.7999992370605,28.5,31.8999996185303,33.5999984741211,32.7999992370605,30.5,25.7000007629395,20.6000003814697,15.8999996185303
"16",16,2.09999990463257,2.90000009536743,7.69999980926514,14.8000001907349,22.2999992370605,27.2000007629395,30.2000007629395,29.2999992370605,24.7999992370605,18.2999992370605,11.3000001907349,4.59999990463257,91.0999984741211,92.8000030517578,100.699996948242,109.099998474121,118.5,126.199996948242,128.899993896484,128.600006103516,120.900001525879,111.900001525879,102.099998474121,94.9000015258789,1.89999997615814,2.5,8.19999980926514,15.3000001907349,21.8999996185303,27.2999992370605,30.5,29.1000003814697,24.7000007629395,18.2999992370605,11.1999998092651,5.19999980926514,1.89999997615814,2.79999995231628,7.90000009536743,15,21.7000007629395,26.7999992370605,29.5,28.2000007629395,23.7000007629395,17.2999992370605,10.1000003814697,4.5,0.699999988079071,2.20000004768372,7.09999990463257,14,21.3999996185303,26.2000007629395,28.6000003814697,27.5,23.5,16.8999996185303,10.3000001907349,4.19999980926514,1.29999995231628,1.89999997615814,7.09999990463257,14.3999996185303,21.3999996185303,26,28.7000007629395,27.7000007629395,23.7000007629395,17.2999992370605,10.3999996185303,3.90000009536743,1.20000004768372,2.09999990463257,7.5,15.3000001907349,21.7999992370605,27.2999992370605,29.7999992370605,28.7999992370605,24.6000003814697,17.7999992370605,10.3000001907349,4.59999990463257,1.60000002384186,2.70000004768372,6.90000009536743,14.3999996185303,20.7999992370605,26,28.6000003814697,27.8999996185303,23.2999992370605,16.7999992370605,9.19999980926514,3.40000009536743,0.800000011920929,2.09999990463257,7.40000009536743,14.1999998092651,21.1000003814697,26,28.6000003814697,27.7000007629395,22.8999996185303,16.8999996185303,10.1000003814697,3.5,1.29999995231628,2.40000009536743,8.39999961853027,14.8999996185303,21.8999996185303,26.5,29.2000007629395,28.2999992370605,24.2999992370605,18,10.8999996185303,4.80000019073486
"17",17,7.30000019073486,9.5,14.6000003814697,20.7999992370605,26.6000003814697,30.8999996185303,33.7999992370605,33.0999984741211,29.2999992370605,23.2000007629395,17.1000003814697,10.8000001907349,99.1999969482422,102.300003051758,109.699996948242,116.599998474121,124.400001525879,132.199996948242,135.5,133.800003051758,127.599998474121,118.5,109.5,103,7.80000019073486,9.60000038146973,14.8999996185303,20.6000003814697,25.8999996185303,31,34,32.5,28.7999992370605,23.1000003814697,16.6000003814697,11,8.10000038146973,9.89999961853027,14.6000003814697,20.7000007629395,26,30.6000003814697,33.2999992370605,32.2000007629395,28.6000003814697,22.7000007629395,16.1000003814697,11.1000003814697,6.80000019073486,8.60000038146973,13.6999998092651,19.7000007629395,25.6000003814697,30,32.5999984741211,31.7000007629395,28.5,22.1000003814697,15.6999998092651,10.1999998092651,7.69999980926514,9.5,14.1000003814697,20.2000007629395,25.6000003814697,29.6000003814697,32.7000007629395,31.7999992370605,28.3999996185303,22.2999992370605,16.1000003814697,10.1999998092651,7.09999990463257,9.19999980926514,14.8000001907349,20.7999992370605,26.2000007629395,31.1000003814697,33.7000007629395,32.7999992370605,29.2000007629395,22.8999996185303,16.2000007629395,10.5,7.90000009536743,9.80000019073486,14,20,24.8999996185303,29.7999992370605,32.2999992370605,31.7000007629395,28.1000003814697,22,15,9.69999980926514,6.80000019073486,9.19999980926514,14.3000001907349,20.1000003814697,25.2999992370605,29.7999992370605,32.4000015258789,31.6000003814697,27.7000007629395,22,15.6999998092651,9.69999980926514,7.69999980926514,9.69999980926514,15.6000003814697,20.7999992370605,26.1000003814697,30.2999992370605,33,32.2000007629395,29,22.8999996185303,16.5,11.3000001907349
"18",18,7.90000009536743,10.1000003814697,15.1000003814697,21.3999996185303,27.2000007629395,31.5,34.2999992370605,33.5999984741211,29.8999996185303,23.7999992370605,17.5,11.3000001907349,99.8000030517578,103.099998474121,110.300003051758,117.199996948242,125.099998474121,132.899993896484,136,134.399993896484,128.300003051758,119.099998474121,110,103.400001525879,8.30000019073486,10.3000001907349,15.3999996185303,21.1000003814697,26.6000003814697,31.6000003814697,34.4000015258789,32.9000015258789,29.3999996185303,23.6000003814697,17,11.3999996185303,8.69999980926514,10.6000003814697,15.1000003814697,21.2999992370605,26.6000003814697,31.2000007629395,33.7000007629395,32.7000007629395,29.2000007629395,23.2999992370605,16.5,11.5,7.40000009536743,9.30000019073486,14.1999998092651,20.2000007629395,26.2999992370605,30.6000003814697,33,32.2000007629395,29.1000003814697,22.7000007629395,16,10.6000003814697,8.30000019073486,10.1000003814697,14.6000003814697,20.7000007629395,26.2000007629395,30.2000007629395,33.0999984741211,32.2999992370605,29,22.7999992370605,16.5,10.6000003814697,7.59999990463257,9.89999961853027,15.3000001907349,21.2999992370605,26.7999992370605,31.7000007629395,34.0999984741211,33.2999992370605,29.7999992370605,23.3999996185303,16.6000003814697,10.8999996185303,8.39999961853027,10.3999996185303,14.5,20.5,25.5,30.3999996185303,32.7999992370605,32.2000007629395,28.7000007629395,22.6000003814697,15.3999996185303,10.1000003814697,7.40000009536743,9.89999961853027,14.8000001907349,20.6000003814697,25.8999996185303,30.3999996185303,32.7999992370605,32.0999984741211,28.2999992370605,22.5,16.1000003814697,10.1000003814697,8.30000019073486,10.3999996185303,16.1000003814697,21.3999996185303,26.7000007629395,30.8999996185303,33.5,32.7000007629395,29.5,23.3999996185303,16.8999996185303,11.6999998092651
"19",19,25.6000003814697,25.7999992370605,27.6000003814697,29.2000007629395,31,32.2999992370605,33.2000007629395,33.4000015258789,33,31.2999992370605,28.8999996185303,26.7999992370605,123.800003051758,124.699996948242,126.300003051758,128.600006103516,131.5,133.600006103516,134.800003051758,134.5,133.399993896484,130.800003051758,127.599998474121,125.099998474121,25.6000003814697,25.8999996185303,27.5,29.2000007629395,31,32.2999992370605,33.2000007629395,33.4000015258789,32.7999992370605,31.2999992370605,28.8999996185303,26.7999992370605,25.1000003814697,25.1000003814697,27.1000003814697,28.7000007629395,30.5,31.7000007629395,32.7999992370605,33,32.5999984741211,30.6000003814697,28.1000003814697,26,25,25.1000003814697,27.1000003814697,28.5,30.3999996185303,31.7000007629395,32.9000015258789,33,32.5999984741211,30.7000007629395,28,26.1000003814697,25.1000003814697,25.2999992370605,26.8999996185303,28.7999992370605,30.6000003814697,31.8999996185303,33,33.0999984741211,32.4000015258789,30.6000003814697,28.2000007629395,25.8999996185303,25.2999992370605,25.6000003814697,27.2999992370605,28.8999996185303,30.7000007629395,32,33,33.0999984741211,32.5999984741211,31,28.3999996185303,26.3999996185303,25.1000003814697,25.3999996185303,26.5,28.2999992370605,29.8999996185303,31.2999992370605,32.4000015258789,32.5,31.7999992370605,30.2000007629395,27.6000003814697,25.7999992370605,24.8999996185303,25.2000007629395,26.8999996185303,28.5,30.2000007629395,31.6000003814697,32.5,32.5999984741211,32,30.5,27.8999996185303,25.8999996185303,25.2999992370605,25.2999992370605,27.2000007629395,28.7999992370605,30.6000003814697,31.8999996185303,33,33.0999984741211,32.5,30.7000007629395,28.3999996185303,26.2999992370605
"20",20,31.5,31.5,31.8999996185303,32.5999984741211,33.2999992370605,34.0999984741211,34.2999992370605,34.4000015258789,34.2999992370605,34,33.0999984741211,31.8999996185303,130.899993896484,130.800003051758,131.100006103516,131.800003051758,132.800003051758,133.800003051758,134.100006103516,134.399993896484,134.399993896484,134,132.899993896484,131.399993896484,31.6000003814697,31.6000003814697,32,32.5999984741211,33.2999992370605,34.0999984741211,34.4000015258789,34.5,34.5,34.0999984741211,33.2000007629395,32,31.1000003814697,31.2999992370605,31.6000003814697,32.0999984741211,32.9000015258789,33.7999992370605,34.0999984741211,34.2000007629395,34.0999984741211,33.7000007629395,32.7000007629395,31.5,31.1000003814697,31.2000007629395,31.6000003814697,32.2000007629395,32.9000015258789,33.9000015258789,34.0999984741211,34.2000007629395,34.2000007629395,33.7999992370605,32.7000007629395,31.5,31.2999992370605,31.2999992370605,31.7000007629395,32.2999992370605,33.0999984741211,34,34.2000007629395,34.2999992370605,34.2000007629395,33.7999992370605,32.7999992370605,31.6000003814697,31.2999992370605,31.3999996185303,31.7000007629395,32.4000015258789,33.2000007629395,33.9000015258789,34.0999984741211,34.2000007629395,34.2000007629395,33.7999992370605,32.7999992370605,31.6000003814697,30.8999996185303,31,31.3999996185303,32.0999984741211,32.7999992370605,33.5999984741211,33.7999992370605,33.9000015258789,33.7999992370605,33.2999992370605,32.5,31.3999996185303,31,31,31.3999996185303,32,32.7000007629395,33.5999984741211,33.7999992370605,33.9000015258789,33.9000015258789,33.4000015258789,32.5,31.2999992370605,31.2000007629395,31.2999992370605,31.7000007629395,32.2999992370605,33.0999984741211,33.9000015258789,34.2000007629395,34.2999992370605,34.2000007629395,33.7999992370605,32.7999992370605,31.6000003814697
"21",21,5.69999980926514,10.1000003814697,14.3000001907349,18.7999992370605,23.7999992370605,29.5,35.2999992370605,35.4000015258789,29.5,20.3999996185303,10.8999996185303,5.80000019073486,96.4000015258789,100.099998474121,105.800003051758,112,119.5,127.099998474121,136.300003051758,133.899993896484,125.599998474121,115.300003051758,103.300003051758,97.3000030517578,7,10.3999996185303,14.8999996185303,19.6000003814697,24.3999996185303,29.2000007629395,35.7000007629395,36.7000007629395,29.8999996185303,20.8999996185303,11.6000003814697,7,6.19999980926514,10,13.6999998092651,18.5,23.5,28.2000007629395,33.2999992370605,34.0999984741211,28.1000003814697,20.1000003814697,11.1000003814697,6,6.30000019073486,10.1999998092651,14.5,19.1000003814697,23.1000003814697,28.2000007629395,33.7000007629395,34.2000007629395,28,20.2999992370605,10.8999996185303,6.30000019073486,6.5,9.89999961853027,14.6000003814697,18.3999996185303,22.8999996185303,28.3999996185303,33.5999984741211,33.9000015258789,27.6000003814697,20,10.5,6.30000019073486,5.59999990463257,9.30000019073486,14,18.8999996185303,23.8999996185303,29,34,34.2999992370605,28.1000003814697,19.7999992370605,10.8999996185303,5.80000019073486,4.90000009536743,8.19999980926514,13.6999998092651,17.7000007629395,22.3999996185303,27.8999996185303,33.9000015258789,33.5999984741211,27.6000003814697,19,10.6000003814697,5.30000019073486,5.5,8.89999961853027,13.6999998092651,18.1000003814697,22.2000007629395,27.7999992370605,33.4000015258789,33.5999984741211,27.7999992370605,19.2000007629395,10.3999996185303,5.69999980926514,5.40000009536743,9.39999961853027,13.8000001907349,18.2999992370605,23.6000003814697,28.6000003814697,34.0999984741211,34.2999992370605,28.6000003814697,20.5,10.6999998092651,6
"22",22,5.09999990463257,10,15.1000003814697,19.7999992370605,24.7999992370605,29.2000007629395,34,33.9000015258789,28.7999992370605,20.7999992370605,11.1000003814697,5.30000019073486,96.1999969482422,100.400001525879,106.900001525879,113.300003051758,120.599998474121,127.199996948242,135.199996948242,133,125.400001525879,116.099998474121,103.800003051758,97.0999984741211,6.09999990463257,10,15.3999996185303,20.2999992370605,25.1000003814697,28.7999992370605,34.4000015258789,35.4000015258789,29.1000003814697,21.1000003814697,11.5,6.19999980926514,5.5,9.60000038146973,14.3999996185303,19.3999996185303,24.2999992370605,28.1000003814697,32.0999984741211,32.9000015258789,27.3999996185303,20.3999996185303,11.1999998092651,5.19999980926514,5.90000009536743,10.1999998092651,15.3000001907349,19.8999996185303,23.8999996185303,28.1000003814697,32.4000015258789,33.0999984741211,27.2000007629395,20.6000003814697,10.6999998092651,5.69999980926514,6.09999990463257,9.69999980926514,15.1000003814697,19.2999992370605,23.7999992370605,28.5,32.5999984741211,32.7000007629395,27,20.2999992370605,10.6000003814697,5.69999980926514,5,9,14.8999996185303,20.1000003814697,24.8999996185303,28.7999992370605,32.7999992370605,33.0999984741211,27.2999992370605,20.2000007629395,11,5.19999980926514,4,7.90000009536743,14.3999996185303,18.5,23.2000007629395,27.6000003814697,32.5999984741211,32.4000015258789,26.7999992370605,19.2999992370605,10.6999998092651,4.59999990463257,4.69999980926514,8.39999961853027,14.3000001907349,19,23.2000007629395,27.7999992370605,32.2000007629395,32.4000015258789,27.2000007629395,19.5,10.5,5,4.59999990463257,9,14.5,19.2000007629395,24.3999996185303,28.3999996185303,33.0999984741211,33.7000007629395,28.5,21,10.8000001907349,5.19999980926514
"23",23,31,31.1000003814697,31.7999992370605,32.2999992370605,32.7999992370605,33.5,33.7000007629395,33.9000015258789,33.7999992370605,33.5,32.4000015258789,31.2999992370605,130.399993896484,130.399993896484,131,131.600006103516,132.300003051758,133.100006103516,133.600006103516,133.899993896484,133.899993896484,133.5,132.199996948242,130.800003051758,31.1000003814697,31.2999992370605,31.8999996185303,32.2999992370605,32.7999992370605,33.5,33.7999992370605,34,34,33.5999984741211,32.5,31.3999996185303,30.7000007629395,30.8999996185303,31.5,31.8999996185303,32.4000015258789,33.0999984741211,33.5,33.5999984741211,33.5999984741211,33.2000007629395,32,30.8999996185303,30.7000007629395,30.7999992370605,31.5,31.8999996185303,32.4000015258789,33.2000007629395,33.5,33.7000007629395,33.7000007629395,33.2999992370605,32,30.8999996185303,30.7999992370605,30.8999996185303,31.6000003814697,32,32.5999984741211,33.2999992370605,33.5999984741211,33.7999992370605,33.7000007629395,33.2999992370605,32.0999984741211,31,30.7999992370605,31,31.6000003814697,32.2000007629395,32.5999984741211,33.2999992370605,33.5999984741211,33.7000007629395,33.7000007629395,33.2999992370605,32.0999984741211,31,30.3999996185303,30.6000003814697,31.2000007629395,31.7999992370605,32.2999992370605,32.9000015258789,33.2999992370605,33.4000015258789,33.2999992370605,32.7999992370605,31.7999992370605,30.7999992370605,30.5,30.6000003814697,31.2999992370605,31.7999992370605,32.2000007629395,32.9000015258789,33.2999992370605,33.4000015258789,33.4000015258789,32.9000015258789,31.7999992370605,30.7000007629395,30.7000007629395,30.8999996185303,31.5,32,32.5999984741211,33.2000007629395,33.5999984741211,33.7999992370605,33.7999992370605,33.2000007629395,32.0999984741211,31
"24",24,29.3999996185303,29.6000003814697,30,30.6000003814697,31.3999996185303,32.2999992370605,32.2999992370605,32.5,32.4000015258789,32.0999984741211,31.1000003814697,29.7999992370605,128.699996948242,128.800003051758,129.100006103516,129.800003051758,130.800003051758,131.899993896484,132.100006103516,132.5,132.5,132.100006103516,130.899993896484,129.300003051758,29.3999996185303,29.7000007629395,30,30.6000003814697,31.3999996185303,32.2999992370605,32.4000015258789,32.5999984741211,32.5999984741211,32.2000007629395,31.2000007629395,29.7999992370605,29,29.2999992370605,29.7000007629395,30.2000007629395,30.8999996185303,31.8999996185303,32,32.2999992370605,32.2000007629395,31.7999992370605,30.7000007629395,29.2999992370605,29,29.2999992370605,29.7000007629395,30.2999992370605,31,32,32.0999984741211,32.4000015258789,32.2999992370605,31.8999996185303,30.7999992370605,29.3999996185303,29.2000007629395,29.3999996185303,29.7999992370605,30.2999992370605,31.2000007629395,32.0999984741211,32.2000007629395,32.5,32.2999992370605,31.8999996185303,30.8999996185303,29.5,29.2000007629395,29.3999996185303,29.7999992370605,30.5,31.2000007629395,32.0999984741211,32.0999984741211,32.4000015258789,32.2999992370605,31.8999996185303,30.8999996185303,29.5,28.7000007629395,29,29.5,30.1000003814697,30.8999996185303,31.7999992370605,31.8999996185303,32,31.8999996185303,31.5,30.5,29.2000007629395,28.7999992370605,29.1000003814697,29.5,30.1000003814697,30.7999992370605,31.7000007629395,31.7999992370605,32.0999984741211,32,31.5,30.6000003814697,29.2000007629395,29.1000003814697,29.3999996185303,29.7999992370605,30.3999996185303,31.2000007629395,32.0999984741211,32.0999984741211,32.4000015258789,32.2999992370605,31.8999996185303,30.8999996185303,29.5
"25",25,22.7000007629395,25.3999996185303,28.2999992370605,32.2000007629395,36.2999992370605,41.2000007629395,44.2000007629395,43.7999992370605,41.4000015258789,35.5,27.7999992370605,23,118.400001525879,120.800003051758,125,131.5,137.300003051758,143.600006103516,148,147,142.5,135.100006103516,125,118.699996948242,23.2999992370605,25.7999992370605,28.5,32.4000015258789,36.2000007629395,41.4000015258789,44.7000007629395,43.7000007629395,41.0999984741211,35.5999984741211,27.8999996185303,23.2999992370605,22,25.1000003814697,27.7000007629395,32.2999992370605,36.7999992370605,41.7000007629395,44.2000007629395,43.0999984741211,40.7999992370605,35.2999992370605,27.2999992370605,22.2999992370605,23.1000003814697,25,27.7999992370605,32.2000007629395,35.7999992370605,40.5,43.2999992370605,43,40.5,34.9000015258789,26.7000007629395,22.1000003814697,22.7000007629395,25,27.2999992370605,31.8999996185303,35.7999992370605,40.5999984741211,43.5999984741211,43,40.2999992370605,35.0999984741211,27.3999996185303,22.6000003814697,22.5,25.2000007629395,28,32.0999984741211,35.7999992370605,41,43.9000015258789,43.2000007629395,40.5999984741211,34.7999992370605,27.5,22.6000003814697,21.6000003814697,23.7999992370605,27.3999996185303,31.2999992370605,35.7000007629395,40.5999984741211,43.2000007629395,42.4000015258789,40.0999984741211,34.0999984741211,27,22.1000003814697,22,24.7999992370605,27.5,31.6000003814697,35.2999992370605,40.7999992370605,43,42.2000007629395,39.9000015258789,34.2000007629395,26.6000003814697,21.8999996185303,22.5,25.5,28.1000003814697,32.5999984741211,36.5999984741211,41.5,44.5999984741211,43.9000015258789,40.7999992370605,35.9000015258789,27.2999992370605,22.6000003814697
"26",26,21,21.5,21.7999992370605,24.1000003814697,25.2000007629395,27.6000003814697,30.6000003814697,31.7000007629395,31.1000003814697,28.3999996185303,24.7999992370605,21.5,116.300003051758,116.699996948242,117.800003051758,121.800003051758,123.900001525879,127.599998474121,131.699996948242,132.600006103516,130.600006103516,127,121.599998474121,117,21.5,21.8999996185303,22,24.2000007629395,25,27.7999992370605,31,31.6000003814697,30.7999992370605,28.6000003814697,25,21.7000007629395,20.2000007629395,21.2000007629395,21.1000003814697,23.8999996185303,25.2999992370605,27.7000007629395,30.2999992370605,31,30.6000003814697,28.2000007629395,24.3999996185303,20.7999992370605,21,21.1000003814697,21.2999992370605,23.7000007629395,24.5,26.8999996185303,29.7000007629395,30.8999996185303,30.1000003814697,27.7999992370605,23.7999992370605,20.6000003814697,20.7000007629395,20.8999996185303,20.8999996185303,23.5,24.3999996185303,26.8999996185303,29.8999996185303,30.8999996185303,30,27.8999996185303,24.2000007629395,21,20.7000007629395,21.2999992370605,21.5,23.7000007629395,24.5,27.2999992370605,30.1000003814697,31,30.2000007629395,27.7000007629395,24.5,21,19.8999996185303,20.2000007629395,20.8999996185303,23,24.2999992370605,26.8999996185303,29.3999996185303,30.2000007629395,29.7000007629395,27.2000007629395,24.1000003814697,20.6000003814697,20.1000003814697,20.8999996185303,21.1000003814697,23.3999996185303,24.1000003814697,27.2000007629395,29.6000003814697,30.2999992370605,29.7999992370605,27.2999992370605,23.7000007629395,20.3999996185303,20.7000007629395,21.5,21.5,24,25.1000003814697,27.7000007629395,30.7000007629395,31.7000007629395,30.3999996185303,28.6000003814697,24.2999992370605,21
"27",27,15.6000003814697,19.2000007629395,23.8999996185303,28.2999992370605,31.3999996185303,35.0999984741211,37.0999984741211,37.2999992370605,33.9000015258789,29.5,22.3999996185303,17.8999996185303,111,114.5,121,125.400001525879,133,137.600006103516,140.600006103516,140.300003051758,134.199996948242,127.199996948242,116.800003051758,112.5,16.3999996185303,19.6000003814697,24.1000003814697,28.2999992370605,32.2000007629395,35.7000007629395,37.0999984741211,36.5,33.7000007629395,29.7999992370605,22.2999992370605,17.7000007629395,15.1000003814697,18.1000003814697,23.2999992370605,27.7000007629395,31,34.5999984741211,36.9000015258789,36.5999984741211,32.9000015258789,28.2999992370605,21.3999996185303,17.2000007629395,16.1000003814697,19.2999992370605,23.5,27.1000003814697,30.8999996185303,34.7999992370605,37.7000007629395,36.9000015258789,33.7999992370605,28.8999996185303,21.2999992370605,17.5,16.2000007629395,19,23.2999992370605,27.2999992370605,31.1000003814697,34.5999984741211,37.5,36.7999992370605,33,28.7000007629395,21.7000007629395,17.2000007629395,15.5,18.7000007629395,23.3999996185303,27.5,30.7999992370605,33.7999992370605,36.4000015258789,36.2999992370605,33.2999992370605,28.7000007629395,21.6000003814697,17.2999992370605,15.8999996185303,17.7000007629395,22.3999996185303,27.6000003814697,30.7999992370605,34.5,36.0999984741211,35.5,33.0999984741211,28.2999992370605,20.5,16,15.8000001907349,19,22.8999996185303,27.1000003814697,31,34,36.4000015258789,36.2000007629395,32.5999984741211,28.2000007629395,21,16.7000007629395,16.2000007629395,18.7999992370605,24,27.7999992370605,31.2999992370605,34.9000015258789,38.2000007629395,38.2999992370605,34.2999992370605,30,22.2000007629395,17.7000007629395
"28",28,33.5,34.5,35.7000007629395,36.2000007629395,34.5999984741211,32.7000007629395,33,33.0999984741211,32.4000015258789,31.6000003814697,32,32.5999984741211,134.399993896484,135.699996948242,137,137.600006103516,135.699996948242,133.600006103516,133.899993896484,133.899993896484,133.199996948242,133,133.100006103516,133.600006103516,33.7999992370605,34.7000007629395,35.7999992370605,36.4000015258789,34.5,32.9000015258789,33.0999984741211,33,32.5,32.0999984741211,32.2999992370605,32.7999992370605,33.2000007629395,34.2999992370605,35.2999992370605,35.7999992370605,34,32.2999992370605,32.5999984741211,32.7000007629395,32.2000007629395,31.7000007629395,31.8999996185303,32.4000015258789,33.0999984741211,34.2999992370605,35.5,35.9000015258789,34.4000015258789,32.7999992370605,32.7999992370605,32.7999992370605,32,31.2999992370605,31.6000003814697,32.2000007629395,33.2999992370605,34.4000015258789,35.5999984741211,36,34.2000007629395,32.2999992370605,32.5999984741211,32.7000007629395,32.2000007629395,31.5,31.5,32.2000007629395,33.2999992370605,34.2999992370605,35.4000015258789,36,34.2999992370605,32.5,32.5999984741211,32.5999984741211,32.0999984741211,31.6000003814697,31.7999992370605,32.4000015258789,33,34,35.0999984741211,35.7999992370605,34,32.0999984741211,32.0999984741211,32.2000007629395,31.5,31.2000007629395,31.3999996185303,32.0999984741211,32.7000007629395,33.7000007629395,34.9000015258789,35.5,33.9000015258789,31.6000003814697,31.7000007629395,31.7000007629395,31.3999996185303,31,31,31.7000007629395,33.0999984741211,34,35.0999984741211,35.7000007629395,33.7999992370605,31.6000003814697,32.4000015258789,32.2000007629395,31.7999992370605,31.2000007629395,31.2999992370605,32.0999984741211
"29",29,15.6000003814697,19.2000007629395,23.8999996185303,28.2999992370605,31.3999996185303,35.0999984741211,37.0999984741211,37.2999992370605,33.9000015258789,29.5,22.3999996185303,17.8999996185303,111,114.5,121,125.400001525879,133,137.600006103516,140.600006103516,140.300003051758,134.199996948242,127.199996948242,116.800003051758,112.5,16.3999996185303,19.6000003814697,24.1000003814697,28.2999992370605,32.2000007629395,35.7000007629395,37.0999984741211,36.5,33.7000007629395,29.7999992370605,22.2999992370605,17.7000007629395,15.1000003814697,18.1000003814697,23.2999992370605,27.7000007629395,31,34.5999984741211,36.9000015258789,36.5999984741211,32.9000015258789,28.2999992370605,21.3999996185303,17.2000007629395,16.1000003814697,19.2999992370605,23.5,27.1000003814697,30.8999996185303,34.7999992370605,37.7000007629395,36.9000015258789,33.7999992370605,28.8999996185303,21.2999992370605,17.5,16.2000007629395,19,23.2999992370605,27.2999992370605,31.1000003814697,34.5999984741211,37.5,36.7999992370605,33,28.7000007629395,21.7000007629395,17.2000007629395,15.5,18.7000007629395,23.3999996185303,27.5,30.7999992370605,33.7999992370605,36.4000015258789,36.2999992370605,33.2999992370605,28.7000007629395,21.6000003814697,17.2999992370605,15.8999996185303,17.7000007629395,22.3999996185303,27.6000003814697,30.7999992370605,34.5,36.0999984741211,35.5,33.0999984741211,28.2999992370605,20.5,16,15.8000001907349,19,22.8999996185303,27.1000003814697,31,34,36.4000015258789,36.2000007629395,32.5999984741211,28.2000007629395,21,16.7000007629395,16.2000007629395,18.7999992370605,24,27.7999992370605,31.2999992370605,34.9000015258789,38.2000007629395,38.2999992370605,34.2999992370605,30,22.2000007629395,17.7000007629395
"30",30,2.20000004768372,4,8.69999980926514,14.3999996185303,20.3999996185303,24.2000007629395,26.7999992370605,26.5,23.1000003814697,17.2999992370605,11.1999998092651,5.5,93.5999984741211,96.1999969482422,102.900001525879,109.699996948242,118.199996948242,125.400001525879,127.800003051758,126.900001525879,120.900001525879,112,103,97,2.90000009536743,4.19999980926514,8.89999961853027,14.1000003814697,19.7999992370605,24.3999996185303,26.8999996185303,25.7000007629395,22.5,17.2000007629395,10.6000003814697,5.80000019073486,3.09999990463257,4.40000009536743,8.80000019073486,14.3000001907349,19.7000007629395,23.7999992370605,26.1000003814697,25.5,22.2000007629395,16.7000007629395,10.1000003814697,5.69999980926514,1.79999995231628,3.20000004768372,7.69999980926514,13.1999998092651,19.5,23.2999992370605,25.5,24.7000007629395,22,16,9.60000038146973,4.90000009536743,2.70000004768372,3.90000009536743,8.39999961853027,13.8000001907349,19.6000003814697,23.1000003814697,25.5,25.1000003814697,22,16.2000007629395,10.3000001907349,4.80000019073486,2,3.79999995231628,8.80000019073486,14.3999996185303,20.1000003814697,24.6000003814697,26.7000007629395,26.2000007629395,23.1000003814697,16.8999996185303,10.3000001907349,5.09999990463257,2.70000004768372,3.90000009536743,7.80000019073486,13.6999998092651,18.6000003814697,23,25,25,22.2000007629395,16.1000003814697,8.69999980926514,4.09999990463257,1.89999997615814,3.70000004768372,8.19999980926514,13.5,19.1000003814697,23.1000003814697,25.1000003814697,24.7999992370605,21.2999992370605,15.8999996185303,9.69999980926514,4.40000009536743,2.70000004768372,4.19999980926514,9.60000038146973,14.3999996185303,20,23.6000003814697,25.7999992370605,25.2999992370605,22.7999992370605,17,10.6000003814697,5.80000019073486
"31",31,3.29999995231628,5.59999990463257,10.1999998092651,15.6999998092651,21.2000007629395,24.5,27.1000003814697,26.7000007629395,23.5,18.2000007629395,12.1000003814697,6.40000009536743,95,98.0999984741211,104.699996948242,111.300003051758,119.199996948242,125.900001525879,128.399993896484,127.300003051758,121.699996948242,113.300003051758,104.300003051758,98.3000030517578,3.90000009536743,5.69999980926514,10.3000001907349,15.1999998092651,20.7000007629395,24.7999992370605,27,26,23,18,11.5,6.59999990463257,3.90000009536743,5.59999990463257,10.1000003814697,15.3999996185303,20.3999996185303,24.1000003814697,26.2999992370605,25.7000007629395,22.6000003814697,17.6000003814697,11,6.5,2.90000009536743,4.69999980926514,9.19999980926514,14.5,20.2999992370605,23.6000003814697,25.8999996185303,25.2000007629395,22.3999996185303,17.1000003814697,10.6000003814697,5.80000019073486,3.70000004768372,5.40000009536743,9.80000019073486,15,20.3999996185303,23.6000003814697,26,25.5,22.5,17.2000007629395,11.3000001907349,5.69999980926514,3.09999990463257,5.40000009536743,10.3000001907349,15.6000003814697,20.8999996185303,24.8999996185303,26.8999996185303,26.5,23.5,17.8999996185303,11.3000001907349,6.09999990463257,3.70000004768372,5.30000019073486,9.19999980926514,14.8999996185303,19.3999996185303,23.3999996185303,25.2999992370605,25.2000007629395,22.5,17.1000003814697,9.69999980926514,5.09999990463257,2.90000009536743,5.19999980926514,9.60000038146973,14.6999998092651,20,23.3999996185303,25.3999996185303,25,21.7999992370605,16.7999992370605,10.6000003814697,5.30000019073486,3.79999995231628,5.69999980926514,11,15.6000003814697,20.7000007629395,24,26.1000003814697,25.6000003814697,23.2000007629395,17.8999996185303,11.5,6.69999980926514
"32",32,3.29999995231628,5.59999990463257,10.1999998092651,15.6999998092651,21.2000007629395,24.5,27.1000003814697,26.7000007629395,23.5,18.2000007629395,12.1000003814697,6.40000009536743,95,98.0999984741211,104.699996948242,111.300003051758,119.199996948242,125.900001525879,128.399993896484,127.300003051758,121.699996948242,113.300003051758,104.300003051758,98.3000030517578,3.90000009536743,5.69999980926514,10.3000001907349,15.1999998092651,20.7000007629395,24.7999992370605,27,26,23,18,11.5,6.59999990463257,3.90000009536743,5.59999990463257,10.1000003814697,15.3999996185303,20.3999996185303,24.1000003814697,26.2999992370605,25.7000007629395,22.6000003814697,17.6000003814697,11,6.5,2.90000009536743,4.69999980926514,9.19999980926514,14.5,20.2999992370605,23.6000003814697,25.8999996185303,25.2000007629395,22.3999996185303,17.1000003814697,10.6000003814697,5.80000019073486,3.70000004768372,5.40000009536743,9.80000019073486,15,20.3999996185303,23.6000003814697,26,25.5,22.5,17.2000007629395,11.3000001907349,5.69999980926514,3.09999990463257,5.40000009536743,10.3000001907349,15.6000003814697,20.8999996185303,24.8999996185303,26.8999996185303,26.5,23.5,17.8999996185303,11.3000001907349,6.09999990463257,3.70000004768372,5.30000019073486,9.19999980926514,14.8999996185303,19.3999996185303,23.3999996185303,25.2999992370605,25.2000007629395,22.5,17.1000003814697,9.69999980926514,5.09999990463257,2.90000009536743,5.19999980926514,9.60000038146973,14.6999998092651,20,23.3999996185303,25.3999996185303,25,21.7999992370605,16.7999992370605,10.6000003814697,5.30000019073486,3.79999995231628,5.69999980926514,11,15.6000003814697,20.7000007629395,24,26.1000003814697,25.6000003814697,23.2000007629395,17.8999996185303,11.5,6.69999980926514
"33",33,-2.79999995231628,-0.200000002980232,5.19999980926514,12.6999998092651,21.7000007629395,26.8999996185303,29.6000003814697,28.6000003814697,24.2999992370605,17.1000003814697,6.59999990463257,-0.100000001490116,84.1999969482422,88.1999969482422,97.6999969482422,108.400001525879,119.300003051758,125.699996948242,128,127.5,119.300003051758,110.199996948242,97.5,88.5999984741211,-2.79999995231628,-0.300000011920929,5.40000009536743,13.8000001907349,21.7999992370605,26.7999992370605,29.8999996185303,28.2999992370605,23.8999996185303,16.7999992370605,7.09999990463257,0.300000011920929,-3.09999990463257,-0.100000001490116,5.40000009536743,13,21.2999992370605,26.6000003814697,29.1000003814697,27.2999992370605,22.1000003814697,15.8999996185303,6,-0.5,-3.5,-0.100000001490116,4,12.6000003814697,20.8999996185303,24.8999996185303,28,26.7000007629395,22,15.3000001907349,6.40000009536743,-0.300000011920929,-3.29999995231628,-0.699999988079071,4.90000009536743,13.1000003814697,21,25.1000003814697,27.7000007629395,26.7000007629395,22.2000007629395,15.6999998092651,6.59999990463257,-0.600000023841858,-3.40000009536743,-0.300000011920929,5.5,13.3999996185303,21.6000003814697,26.2000007629395,28.7000007629395,27.6000003814697,23.2999992370605,16.2000007629395,6.09999990463257,-0.400000005960464,-3.70000004768372,-0.300000011920929,5.19999980926514,12.5,20,25.2000007629395,27.7000007629395,26.7999992370605,21.7000007629395,15.1999998092651,4.90000009536743,-1.39999997615814,-3.79999995231628,-0.800000011920929,5.09999990463257,12.3999996185303,20.1000003814697,25.1000003814697,27.6000003814697,26.3999996185303,21.3999996185303,15.1000003814697,5.80000019073486,-1.10000002384186,-3.5,-0.200000002980232,5.90000009536743,13.1000003814697,21.1000003814697,25.6000003814697,28.2000007629395,27.2999992370605,23,16.6000003814697,6.69999980926514,-0.100000001490116
"34",34,2.90000009536743,5.80000019073486,7.90000009536743,11.3000001907349,16,20.2000007629395,24.8999996185303,26.5,22.6000003814697,16.1000003814697,7.30000019073486,3.29999995231628,94.6999969482422,97.4000015258789,100.400001525879,105.300003051758,111.800003051758,118.199996948242,126.5,126.099998474121,120,111.900001525879,100.599998474121,95.5,3.70000004768372,5.90000009536743,8,11.5,16,20,25.5,27.8999996185303,22.7999992370605,16.2000007629395,7.59999990463257,3.90000009536743,3,5.30000019073486,7.19999980926514,10.8999996185303,15.3000001907349,19.2000007629395,23.3999996185303,25.8999996185303,21.7000007629395,15.8000001907349,7.5,3,3.59999990463257,5.80000019073486,7.90000009536743,11.5,14.8999996185303,19.3999996185303,23.6000003814697,26.1000003814697,21.2999992370605,15.6999998092651,6.90000009536743,3.5,3.70000004768372,6,8.5,11,14.8000001907349,19.5,23.7999992370605,25.6000003814697,21.1000003814697,15.3999996185303,6.80000019073486,3.40000009536743,2.90000009536743,5.19999980926514,7.90000009536743,11.6999998092651,16.1000003814697,19.8999996185303,24.2000007629395,26.1000003814697,21.6000003814697,15.6000003814697,7.40000009536743,3.09999990463257,1.79999995231628,3.90000009536743,7.30000019073486,10.1000003814697,14.3999996185303,18.7999992370605,23.7999992370605,25.3999996185303,21.2000007629395,14.8000001907349,7.09999990463257,2.40000009536743,2.40000009536743,4.5,7.19999980926514,10.5,14.3999996185303,19.1000003814697,23.5,25.3999996185303,21.3999996185303,14.8999996185303,6.69999980926514,2.90000009536743,2.40000009536743,5.09999990463257,7.30000019073486,10.6000003814697,15.6000003814697,19.6000003814697,24.2999992370605,26.2000007629395,22.2000007629395,16.1000003814697,6.90000009536743,3.09999990463257
"35",35,2.59999990463257,5.69999980926514,7.59999990463257,10.8000001907349,15.3999996185303,19.7999992370605,24.7000007629395,25.2000007629395,21.6000003814697,15.1999998092651,7,3.20000004768372,94.5,97.5,100.199996948242,104.800003051758,111.199996948242,117.900001525879,126.300003051758,124.900001525879,119.099998474121,111.300003051758,100.400001525879,95.5,3.40000009536743,5.80000019073486,7.90000009536743,11.1000003814697,15.3999996185303,19.6000003814697,25.2999992370605,26.5,21.7999992370605,15.5,7.40000009536743,3.79999995231628,2.70000004768372,5.19999980926514,7.09999990463257,10.5,14.6999998092651,18.7999992370605,23.3999996185303,24.6000003814697,20.7000007629395,15,7.30000019073486,2.90000009536743,3.29999995231628,5.5,7.69999980926514,11,14.3999996185303,19,23.5,24.7000007629395,20.3999996185303,14.8000001907349,6.59999990463257,3.29999995231628,3.40000009536743,5.80000019073486,8.19999980926514,10.6000003814697,14.3000001907349,19.1000003814697,23.6000003814697,24.2000007629395,20.2000007629395,14.6999998092651,6.59999990463257,3.29999995231628,2.70000004768372,5.19999980926514,7.69999980926514,11.1000003814697,15.1000003814697,19.3999996185303,23.8999996185303,24.7000007629395,20.5,14.6999998092651,7.09999990463257,3.09999990463257,1.5,3.79999995231628,7.09999990463257,9.60000038146973,13.8999996185303,18.5,23.6000003814697,24.1000003814697,20.2000007629395,13.8999996185303,6.90000009536743,2.29999995231628,2.09999990463257,4.40000009536743,7.09999990463257,10,13.8000001907349,18.7000007629395,23.3999996185303,24.1000003814697,20.3999996185303,14,6.40000009536743,2.70000004768372,2.20000004768372,5.09999990463257,7.19999980926514,10.1999998092651,14.8999996185303,19.1000003814697,24,24.8999996185303,21.2999992370605,15.3000001907349,6.69999980926514,3
"36",36,24.2999992370605,23.8999996185303,23.6000003814697,24,24.7999992370605,25.6000003814697,25.8999996185303,26.7000007629395,27.2999992370605,26.8999996185303,25.7000007629395,24.2000007629395,123.099998474121,122.699996948242,122.400001525879,122.699996948242,123.699996948242,124.800003051758,125.199996948242,126.199996948242,126.900001525879,126.5,125,123.400001525879,24.2000007629395,23.8999996185303,23.7000007629395,24,24.7000007629395,25.3999996185303,25.6000003814697,26.5,27.1000003814697,26.7000007629395,25.3999996185303,24.1000003814697,23.7000007629395,23.6000003814697,23.2999992370605,23.5,24.3999996185303,25.2000007629395,25.5,26.2999992370605,26.7999992370605,26.3999996185303,25.1000003814697,23.8999996185303,24,23.5,23.2000007629395,23.6000003814697,24.5,25.2999992370605,25.6000003814697,26.5,26.8999996185303,26.5,25.1000003814697,23.8999996185303,24.1000003814697,23.8999996185303,23.7000007629395,23.8999996185303,24.5,25.3999996185303,25.7999992370605,26.5,27,26.5,25.2999992370605,24,23.7999992370605,23.6000003814697,23.2999992370605,23.5,24.2999992370605,25.1000003814697,25.3999996185303,26.2000007629395,26.8999996185303,26.5,25.2000007629395,23.7999992370605,23.6000003814697,23.3999996185303,23.1000003814697,23.2000007629395,24,24.7999992370605,25,25.7999992370605,26.3999996185303,26,24.7000007629395,23.6000003814697,23.6000003814697,23.3999996185303,23.2000007629395,23.3999996185303,24.2000007629395,24.8999996185303,25.1000003814697,26,26.6000003814697,26.2000007629395,24.7999992370605,23.6000003814697,23.7999992370605,23.6000003814697,23.3999996185303,23.7000007629395,24.5,25.2000007629395,25.5,26.2999992370605,26.8999996185303,26.6000003814697,25.2000007629395,23.7999992370605
"37",37,20,19.7999992370605,19.2999992370605,19.2999992370605,20,21,21.6000003814697,22.5,22.5,22.2999992370605,21.2000007629395,19.7999992370605,119,118.699996948242,118.099998474121,118.099998474121,119.099998474121,120.300003051758,121,122,122.199996948242,122,120.599998474121,119,20,19.7999992370605,19.2999992370605,19.2000007629395,19.7999992370605,20.7999992370605,21.2000007629395,22.2000007629395,22.2999992370605,22.1000003814697,21,19.7000007629395,19.3999996185303,19.3999996185303,18.8999996185303,18.7999992370605,19.5,20.5,21.1000003814697,21.8999996185303,22,21.7000007629395,20.6000003814697,19.3999996185303,19.7999992370605,19.3999996185303,18.7999992370605,19,19.7999992370605,20.7999992370605,21.2999992370605,22.2000007629395,22,21.8999996185303,20.6000003814697,19.5,19.7999992370605,19.7000007629395,19.2999992370605,19.2999992370605,19.7999992370605,20.7999992370605,21.5,22.2000007629395,22.1000003814697,21.7999992370605,20.7999992370605,19.5,19.6000003814697,19.3999996185303,18.8999996185303,18.7999992370605,19.5,20.5,21,21.8999996185303,22,21.7999992370605,20.7000007629395,19.3999996185303,19.3999996185303,19.2000007629395,18.7000007629395,18.5,19.2000007629395,20.1000003814697,20.6000003814697,21.5,21.6000003814697,21.3999996185303,20.2999992370605,19.1000003814697,19.3999996185303,19.2000007629395,18.7999992370605,18.6000003814697,19.2999992370605,20.2000007629395,20.7999992370605,21.6000003814697,21.7000007629395,21.5,20.3999996185303,19.1000003814697,19.5,19.3999996185303,18.8999996185303,18.8999996185303,19.7000007629395,20.5,21.2000007629395,21.8999996185303,22.1000003814697,21.8999996185303,20.7000007629395,19.3999996185303
"38",38,26.5,26.3999996185303,26.3999996185303,26.7000007629395,27.6000003814697,28.7000007629395,29.1000003814697,29.3999996185303,29.7000007629395,29.2999992370605,27.8999996185303,26.5,125.300003051758,125.199996948242,125.199996948242,125.400001525879,126.400001525879,128,128.399993896484,128.800003051758,129.300003051758,128.899993896484,127.199996948242,125.599998474121,26.3999996185303,26.3999996185303,26.5,26.6000003814697,27.3999996185303,28.6000003814697,28.7000007629395,29.2000007629395,29.5,29.1000003814697,27.6000003814697,26.3999996185303,25.8999996185303,26.1000003814697,26,26.2000007629395,27.1000003814697,28.2999992370605,28.6000003814697,28.8999996185303,29.2000007629395,28.7999992370605,27.2999992370605,26.1000003814697,26.2000007629395,26,26,26.2999992370605,27.2000007629395,28.5,28.7000007629395,29.2000007629395,29.2999992370605,28.8999996185303,27.2999992370605,26.2000007629395,26.2999992370605,26.3999996185303,26.5,26.7000007629395,27.2999992370605,28.5,29,29.2000007629395,29.3999996185303,28.7999992370605,27.5,26.2999992370605,26,26.1000003814697,26.1000003814697,26.2000007629395,27,28.2999992370605,28.5,28.8999996185303,29.2999992370605,28.7999992370605,27.3999996185303,26.1000003814697,25.7999992370605,25.7999992370605,25.8999996185303,25.8999996185303,26.7000007629395,27.8999996185303,28.2000007629395,28.5,28.7999992370605,28.3999996185303,26.8999996185303,25.8999996185303,25.7999992370605,25.8999996185303,26,26.1000003814697,26.8999996185303,28,28.2999992370605,28.7000007629395,29,28.6000003814697,27,25.8999996185303,26,26.1000003814697,26.1000003814697,26.2999992370605,27.2000007629395,28.2999992370605,28.7000007629395,29,29.2999992370605,29,27.3999996185303,26.1000003814697
