"","ID","wc2_1","wc2_2","wc2_3","wc2_4","wc2_5","wc2_6","wc2_7","wc2_8","wc2_9","wc2_10","wc2_11","wc2_12","wc2_13","wc2_14","wc2_15","wc2_16","wc2_17","wc2_18","wc2_19","wc2_1","wc2_2","wc2_3","wc2_4","wc2_5","wc2_6","wc2_7","wc2_8","wc2_9","wc2_10","wc2_11","wc2_12","wc2_13","wc2_14","wc2_15","wc2_16","wc2_17","wc2_18","wc2_19","wc2_1","wc2_2","wc2_3","wc2_4","wc2_5","wc2_6","wc2_7","wc2_8","wc2_9","wc2_10","wc2_11","wc2_12","wc2_13","wc2_14","wc2_15","wc2_16","wc2_17","wc2_18","wc2_19","wc2_1","wc2_2","wc2_3","wc2_4","wc2_5","wc2_6","wc2_7","wc2_8","wc2_9","wc2_10","wc2_11","wc2_12","wc2_13","wc2_14","wc2_15","wc2_16","wc2_17","wc2_18","wc2_19","wc2_1","wc2_2","wc2_3","wc2_4","wc2_5","wc2_6","wc2_7","wc2_8","wc2_9","wc2_10","wc2_11","wc2_12","wc2_13","wc2_14","wc2_15","wc2_16","wc2_17","wc2_18","wc2_19","wc2_1","wc2_2","wc2_3","wc2_4","wc2_5","wc2_6","wc2_7","wc2_8","wc2_9","wc2_10","wc2_11","wc2_12","wc2_13","wc2_14","wc2_15","wc2_16","wc2_17","wc2_18","wc2_19","wc2_1","wc2_2","wc2_3","wc2_4","wc2_5","wc2_6","wc2_7","wc2_8","wc2_9","wc2_10","wc2_11","wc2_12","wc2_13","wc2_14","wc2_15","wc2_16","wc2_17","wc2_18","wc2_19","wc2_1","wc2_2","wc2_3","wc2_4","wc2_5","wc2_6","wc2_7","wc2_8","wc2_9","wc2_10","wc2_11","wc2_12","wc2_13","wc2_14","wc2_15","wc2_16","wc2_17","wc2_18","wc2_19","wc2_1","wc2_2","wc2_3","wc2_4","wc2_5","wc2_6","wc2_7","wc2_8","wc2_9","wc2_10","wc2_11","wc2_12","wc2_13","wc2_14","wc2_15","wc2_16","wc2_17","wc2_18","wc2_19","wc2_1","wc2_2","wc2_3","wc2_4","wc2_5","wc2_6","wc2_7","wc2_8","wc2_9","wc2_10","wc2_11","wc2_12","wc2_13","wc2_14","wc2_15","wc2_16","wc2_17","wc2_18","wc2_19"
"1",1,13.1999998092651,12.1000003814697,43.4000015258789,581.799987792969,30.1000003814697,2.09999990463257,28,5.80000019073486,21.3999996185303,20.6000003814697,6.40000009536743,1148,198,13,71,556,65,65,516,60.5999984741211,108,84.9000015258789,687.200012207031,129.399993896484,2.29999995231628,127.099998474121,52.5999984741211,71.0999984741211,69.6999969482422,52.9000015258789,1552,321,15,78.9000015258789,802,72,74,775,13.6999998092651,11.8999996185303,42.9000015258789,575.5,31,3.20000004768372,27.7999992370605,6.5,21.8999996185303,21.2000007629395,7.19999980926514,1160,215,13,73.5999984741211,580,64,64,554,12.8000001907349,12,43.9000015258789,552.700012207031,29.6000003814697,2.20000004768372,27.3999996185303,5.69999980926514,21,19.8999996185303,6.40000009536743,1113,206,13,72.3000030517578,544,63,63,533,13,12,43.9000015258789,552.900024414062,30,2.59999990463257,27.3999996185303,6,20.5,20.1000003814697,6.69999980926514,1142,211,14,74.5999984741211,575,60,63,543,12.8999996185303,11.8000001907349,43.7999992370605,560.700012207031,29.6000003814697,2.59999990463257,27,6,20.8999996185303,20.2000007629395,6.59999990463257,1150,194,14,71.3000030517578,570,65,67,534,12.8000001907349,12.1999998092651,44.4000015258789,560.700012207031,29.6000003814697,2.20000004768372,27.3999996185303,5.80000019073486,20.7999992370605,20.1000003814697,6.30000019073486,1145,208,14,72.1999969482422,566,64,68,537,12.3999996185303,11.8000001907349,43.2000007629395,567.700012207031,29.1000003814697,1.79999995231628,27.2999992370605,5.30000019073486,20.6000003814697,19.7000007629395,5.59999990463257,1120,191,14,68.4000015258789,537,67,67,500,12.6000003814697,11.8000001907349,43.9000015258789,559.799987792969,29.2999992370605,2.29999995231628,27,5.59999990463257,20.5,19.8999996185303,6.09999990463257,1145,208,14,72.3000030517578,569,66,66,543,12.8999996185303,11.8999996185303,42.7999992370605,575.5,29.7000007629395,2,27.7000007629395,5.80000019073486,21,20.2999992370605,6.30000019073486,1180,215,13,73.3000030517578,589,62,64,555
"2",2,10.6000003814697,12.5,35.4000015258789,806.799987792969,32.4000015258789,-3,35.4000015258789,0.100000001490116,22.3999996185303,20.7000007629395,1.20000004768372,583,82,20,41.7999992370605,218,62,78,196,57.5,107.199996948242,79.3000030517578,961.5,132.300003051758,-2.79999995231628,135.100006103516,46.4000015258789,71.1999969482422,69.9000015258789,46.2999992370605,743,104,22,47.7999992370605,305,76,89,278,11.3000001907349,12.3000001907349,34.9000015258789,782.700012207031,33.5999984741211,-1.60000002384186,35.2000007629395,1.39999997615814,23.2999992370605,21.1000003814697,2.20000004768372,579,75,20,40.7000007629395,220,65,65,204,10.1000003814697,12.5,36.0999984741211,764.599975585938,31.2000007629395,-3.29999995231628,34.5,0.100000001490116,21.5,19.6000003814697,1.10000002384186,547,71,21,38.2999992370605,200,64,81,186,10.3999996185303,12.1999998092651,35.7999992370605,752.599975585938,31.2000007629395,-2.90000009536743,34.0999984741211,0.600000023841858,21.6000003814697,19.7999992370605,1.39999997615814,563,74,20,41.7999992370605,213,62,75,196,10.3000001907349,12.1000003814697,36.0999984741211,746.400024414062,31,-2.5,33.5,0.600000023841858,21.5,19.7000007629395,1.5,576,75,21,40,218,68,78,199,10.3000001907349,12.3000001907349,35.2000007629395,797.299987792969,31.2999992370605,-3.5,34.7999992370605,-0.100000001490116,21.7999992370605,20.2000007629395,0.699999988079071,572,75,22,39.2000007629395,216,68,81,199,9.60000038146973,12.1000003814697,35.2000007629395,782.700012207031,30.7000007629395,-3.70000004768372,34.4000015258789,-0.300000011920929,21.1000003814697,19.5,0.200000002980232,548,70,20,38.4000015258789,205,66,78,189,9.69999980926514,12,35.7000007629395,754.900024414062,30.6000003814697,-3.09999990463257,33.7000007629395,0.100000001490116,21,19.2999992370605,0.800000011920929,560,73,20,40.0999984741211,213,65,78,197,10.1999998092651,12.1999998092651,35.0999984741211,783.200012207031,31.2000007629395,-3.70000004768372,34.9000015258789,0.300000011920929,21.6000003814697,19.8999996185303,0.899999976158142,581,76,20,41.7000007629395,222,64,79,206
"3",3,10.1999998092651,15.3999996185303,37.4000015258789,944.599975585938,33.5999984741211,-7.59999990463257,41.2000007629395,9.39999961853027,23.2000007629395,22,-1.29999995231628,254,30,15,18.5,77,50,53,61,56.7000007629395,109.599998474121,77.8000030517578,1131.19995117188,133.5,-7.30000019073486,140.800003051758,43.4000015258789,71.9000015258789,70.8000030517578,42.7999992370605,310,36,15,22.7000007629395,91,54,62,88,10.5,14.8000001907349,36.7999992370605,937.599975585938,33.5,-6.80000019073486,40.2999992370605,15.3999996185303,23.1000003814697,21.7999992370605,-1.29999995231628,264,36,16,23.2000007629395,85,52,59,62,9.60000038146973,15.5,37.4000015258789,931.5,33.0999984741211,-8.30000019073486,41.4000015258789,8.69999980926514,22.6000003814697,21.1000003814697,-2,239,29,13,20.2000007629395,74,46,49,61,9.89999961853027,15.3000001907349,38,922.400024414062,32.5999984741211,-7.80000019073486,40.4000015258789,10,22.2000007629395,21,-1.79999995231628,244,30,12,22.2999992370605,76,43,47,64,9.60000038146973,15.1999998092651,38.0999984741211,903.099975585938,32.2000007629395,-7.80000019073486,40,13.5,21.8999996185303,20.6000003814697,-1.89999997615814,254,30,14,19.7999992370605,78,48,55,63,9.5,15.6000003814697,37.4000015258789,958.700012207031,32.5999984741211,-9,41.5999984741211,13.8000001907349,22.5,21.2000007629395,-2.59999990463257,243,29,14,18.7000007629395,74,48,54,59,8.89999961853027,15.1000003814697,37.2999992370605,937.599975585938,31.7999992370605,-8.60000038146973,40.4000015258789,12.6999998092651,21.6000003814697,20.3999996185303,-3,249,31,14,19.6000003814697,75,51,52,61,8.89999961853027,15,37.4000015258789,920.200012207031,31.7000007629395,-8.30000019073486,40,12.3999996185303,21.5,20.2999992370605,-2.59999990463257,246,30,14,19.2000007629395,74,48,51,62,9.80000019073486,15.3000001907349,36.7999992370605,949.099975585938,33.4000015258789,-8.10000038146973,41.5,8.69999980926514,23,21.3999996185303,-2,253,30,13,21.1000003814697,78,47,51,63
"4",4,17.7000007629395,15.3999996185303,47,640.599975585938,36,3.29999995231628,32.7000007629395,11.8000001907349,25.8999996185303,25.2000007629395,9.80000019073486,495,110,1,96.3000030517578,287,6,10,279,66.0999984741211,113,84.9000015258789,773.200012207031,137.399993896484,4.30000019073486,133.100006103516,55.9000015258789,76.4000015258789,75.4000015258789,56.7000007629395,738,187,1,103.800003051758,453,7,10,453,18.1000003814697,15.1000003814697,47.4000015258789,625.900024414062,36.2999992370605,4.40000009536743,31.8999996185303,12.1999998092651,26.2000007629395,25.3999996185303,10.3999996185303,495,111,1,96.0999984741211,286,6,10,283,17.3999996185303,15.3999996185303,48,635.5,35.5,3.5,32,8.5,25.2999992370605,24.6000003814697,9.39999961853027,491,110,1,98.4000015258789,291,5,5,291,17.5,15.1999998092651,48.7000007629395,613.400024414062,34.9000015258789,3.59999990463257,31.2999992370605,9.39999961853027,25,24.5,9.89999961853027,525,120,1,98.5,309,6,9,309,17.2999992370605,15.1000003814697,48.0999984741211,624.200012207031,34.9000015258789,3.5,31.3999996185303,11.3000001907349,25.1000003814697,24.6000003814697,9.60000038146973,542,127,1,99.8000030517578,322,6,9,313,17.5,15.3000001907349,47.9000015258789,629.799987792969,35.2000007629395,3.29999995231628,31.8999996185303,11.3999996185303,25.3999996185303,24.7000007629395,9.5,486,103,1,93.6999969482422,271,6,10,271,16.7999992370605,15,47.0999984741211,630.900024414062,34.7999992370605,3,31.7999992370605,7.90000009536743,24.8999996185303,24.1000003814697,8.80000019073486,515,127,1,97.5,301,6,6,301,17,15,47.2999992370605,629.900024414062,35,3.29999995231628,31.7000007629395,8.30000019073486,25.1000003814697,24.2999992370605,9.10000038146973,505,112,1,95.0999984741211,289,6,10,289,17.5,15.3000001907349,47.5999984741211,642,35.7000007629395,3.59999990463257,32.0999984741211,8.5,25.3999996185303,24.8999996185303,9.5,499,113,1,95.6999969482422,282,6,10,282
"5",5,19.1000003814697,15,42,759.200012207031,38.7000007629395,3,35.7000007629395,12.1999998092651,29.7000007629395,28.2000007629395,10,296,59,0,88.3000030517578,170,3,3,153,67.6999969482422,112.699996948242,82.5,909.799987792969,141,4.40000009536743,136.600006103516,58.5999984741211,80.8000030517578,78.9000015258789,56.9000015258789,414,91,0,95.8000030517578,242,3,3,241,19.3999996185303,14.6999998092651,42.5999984741211,727,38.7000007629395,4.30000019073486,34.4000015258789,12.8999996185303,29.7000007629395,28.2999992370605,10.6999998092651,292,56,0,87.3000030517578,166,3,3,148,18.7999992370605,15,42.4000015258789,761.5,38.5,3.20000004768372,35.2999992370605,11.6999998092651,29.2999992370605,28,9.60000038146973,286,58,0,91.5,168,2,2,151,18.7000007629395,14.6999998092651,42.5,729.599975585938,37.7000007629395,3.20000004768372,34.5,12.3000001907349,28.7999992370605,27.6000003814697,10.1000003814697,309,63,0,90.1999969482422,178,3,3,167,18.6000003814697,14.6000003814697,42.9000015258789,725.900024414062,37.5,3.5,34,11.8999996185303,28.6000003814697,27.3999996185303,9.89999961853027,314,64,0,91.4000015258789,185,3,3,164,18.7999992370605,14.8999996185303,43.0999984741211,735.099975585938,37.7999992370605,3.09999990463257,34.7000007629395,12.1999998092651,28.8999996185303,27.7999992370605,9.80000019073486,282,54,0,86.8000030517578,158,3,3,142,18.1000003814697,14.6000003814697,42,753.799987792969,37.5999984741211,2.90000009536743,34.7000007629395,10.6000003814697,28.6000003814697,27.3999996185303,8.89999961853027,300,71,0,92.5,176,3,3,166,18.2000007629395,14.5,42.0999984741211,744,37.5,3,34.5,11.3999996185303,28.6000003814697,27.2999992370605,9.19999980926514,296,57,0,86.5,163,3,3,153,18.8999996185303,14.8999996185303,42.2999992370605,757.700012207031,38.5,3.29999995231628,35.2000007629395,12.1000003814697,29.2999992370605,28,9.80000019073486,292,57,0,86.8000030517578,161,3,3,146
"6",6,20.2999992370605,15.8000001907349,51.0999984741211,533.599975585938,37,6.09999990463257,30.8999996185303,15,27.3999996185303,27.3999996185303,14.1999998092651,327,71,2,93.0999984741211,198,8,15,180,69.4000015258789,114.699996948242,86.6999969482422,653.599975585938,139.300003051758,7.09999990463257,132.199996948242,62.2999992370605,78.6999969482422,78,62,446,114,2,103.099998474121,279,8,16,272,20.5,15.6999998092651,52.2000007629395,520.5,37,6.90000009536743,30.1000003814697,15.3999996185303,27.8999996185303,27.5,14.8000001907349,317,67,2,92.1999969482422,191,8,15,172,20,15.8999996185303,52.2999992370605,537.5,36.4000015258789,6,30.3999996185303,14.5,27.1000003814697,26.7999992370605,13.6999998092651,311,67,2,94,188,8,14,171,19.7999992370605,15.6000003814697,51.9000015258789,509.100006103516,36.2000007629395,6.09999990463257,30.1000003814697,14.6999998092651,26.5,26.5,14.1000003814697,336,75,2,95.9000015258789,207,8,16,192,19.7999992370605,15.6000003814697,52.0999984741211,510.5,36.2000007629395,6.30000019073486,29.8999996185303,14.6999998092651,26.7999992370605,26.6000003814697,14.1000003814697,338,78,2,97.5999984741211,213,8,15,188,19.7999992370605,15.8999996185303,52.0999984741211,525.700012207031,36.2999992370605,5.80000019073486,30.5,14.5,27,26.7999992370605,13.8000001907349,310,66,2,91.9000015258789,186,8,15,166,19.2999992370605,15.6000003814697,52.4000015258789,523,35.5,5.80000019073486,29.7000007629395,13.5,26.3999996185303,26.1000003814697,13.3000001907349,327,80,2,98.0999984741211,207,8,15,186,19.3999996185303,15.6000003814697,52.5999984741211,515.5,35.5,5.90000009536743,29.6000003814697,14.3000001907349,26.3999996185303,26.1000003814697,13.6000003814697,316,65,2,92,189,8,15,172,20.2000007629395,15.8999996185303,51.5,538.900024414062,37.0999984741211,6.19999980926514,30.8999996185303,14.8999996185303,27.3999996185303,27.2000007629395,14.1000003814697,314,69,2,92.8000030517578,189,8,16,168
"7",7,23,7.59999990463257,68.4000015258789,115.699996948242,28.3999996185303,17.2999992370605,11.1000003814697,22.1000003814697,23.3999996185303,24.3999996185303,21.6000003814697,2593,362,116,35.4000015258789,912,430,486,764,72.4000015258789,107.199996948242,96.5999984741211,123,128,17,111,71,72.9000015258789,73.9000015258789,70.9000015258789,3296,419,133,34,1069,530,651,1027,22.7999992370605,7.59999990463257,69.5999984741211,105.599998474121,28.2000007629395,17.2999992370605,10.8999996185303,22,23.2000007629395,24.2000007629395,21.6000003814697,2559,338,115,32.9000015258789,857,436,506,745,22.3999996185303,7.59999990463257,69.1999969482422,112.300003051758,27.7999992370605,16.7999992370605,11,21.7000007629395,22.8999996185303,23.7999992370605,21.1000003814697,2413,333,112,35.7999992370605,845,407,457,697,22.6000003814697,7.59999990463257,68.9000015258789,117.599998474121,27.8999996185303,16.8999996185303,11,22.7999992370605,23.2000007629395,24.1000003814697,21.2999992370605,2453,372,112,39.0999984741211,833,395,497,707,22.7000007629395,7.69999980926514,69.5999984741211,110.400001525879,28,17,11,21.8999996185303,23.1000003814697,24,21.3999996185303,2518,325,112,32,848,429,523,702,22.5,7.59999990463257,69.3000030517578,109.699996948242,27.8999996185303,17,10.8999996185303,21.7999992370605,22.8999996185303,23.8999996185303,21.2999992370605,2602,351,121,33.7999992370605,889,439,519,728,22.2000007629395,7.59999990463257,70.6999969482422,101.599998474121,27.5,16.7999992370605,10.6999998092651,21.5,22.6000003814697,23.5,21.1000003814697,2484,302,111,34.5999984741211,852,390,490,810,22.2999992370605,7.59999990463257,70.0999984741211,104.400001525879,27.6000003814697,16.7999992370605,10.8000001907349,21.5,22.7000007629395,23.6000003814697,21.1000003814697,2448,303,112,30.6000003814697,798,437,498,692,22.6000003814697,7.5,69.1999969482422,110.800003051758,27.8999996185303,17.1000003814697,10.8000001907349,21.7999992370605,23,24,21.2999992370605,2724,347,126,30.7999992370605,880,474,551,789
"8",8,11.6999998092651,16.1000003814697,38.7999992370605,944.900024414062,33.4000015258789,-8.10000038146973,41.5,15.6999998092651,-0.899999976158142,23.6000003814697,0.5,405,68,9,53.7999992370605,172,34,134,34,58.7000007629395,111.099998474121,78.8000030517578,1098.59997558594,133.300003051758,-7.69999980926514,141,64.5,44.7000007629395,72.8000030517578,45.7000007629395,492,76,12,54.9000015258789,206,39,169,39,12.1999998092651,15.6000003814697,38.4000015258789,906.400024414062,33.4000015258789,-7.30000019073486,40.7000007629395,16.7999992370605,-0.100000001490116,23.3999996185303,1.20000004768372,425,69,10,53.5,179,35,143,35,11.3000001907349,16.2000007629395,37.7000007629395,936.299987792969,34,-9,43,15.3999996185303,-1.5,23.2999992370605,0.200000002980232,384,70,9,55,168,33,113,33,11.3999996185303,15.6999998092651,38.4000015258789,909.700012207031,32.5,-8.39999961853027,40.9000015258789,15.8000001907349,-0.899999976158142,22.7000007629395,0.300000011920929,412,68,9,53.9000015258789,176,33,134,33,11.3000001907349,15.8000001907349,39.4000015258789,884.900024414062,32.0999984741211,-8,40.0999984741211,15.6999998092651,-0.600000023841858,22.3999996185303,0.600000023841858,420,71,10,56.5,187,34,140,34,11.1999998092651,16.1000003814697,38.7000007629395,925.099975585938,32.5,-9.19999980926514,41.7000007629395,15.6000003814697,-1.5,22.7000007629395,-0.100000001490116,403,68,9,54.5,174,32,134,32,10.6999998092651,15.8999996185303,38.5,939.099975585938,32,-9.30000019073486,41.2999992370605,14.6000003814697,-1.70000004768372,22.5,-0.800000011920929,380,68,10,54.5,163,33,119,33,10.6000003814697,15.8999996185303,38.7000007629395,906.299987792969,32,-9,41,14.5,-1.5,22.2000007629395,-0.200000002980232,397,65,9,53.2000007629395,169,32,129,32,11.5,16.1000003814697,38.5,929.799987792969,32.9000015258789,-8.80000019073486,41.7000007629395,15.6000003814697,-1.20000004768372,23.1000003814697,0.100000001490116,424,76,9,57.9000015258789,188,32,139,32
"9",9,22,12.6999998092651,38.7999992370605,726,37.4000015258789,4.59999990463257,32.7999992370605,25.5,30.7999992370605,30.2999992370605,12.5,1058,135,59,28.2000007629395,316,213,213,240,71.1999969482422,112.400001525879,82.5999984741211,872.5,141.100006103516,5,136.100006103516,72.0999984741211,82.1999969482422,81.6999969482422,60.4000015258789,1303,185,59,32.2000007629395,414,238,238,287,22.1000003814697,12.5,40,708.200012207031,36.7000007629395,5.5,31.2000007629395,26.1000003814697,13.8999996185303,30.2000007629395,12.8999996185303,1027,132,59,27.1000003814697,313,207,223,215,21.7000007629395,12.1999998092651,38.2000007629395,725.400024414062,37,5,32,22.7999992370605,30.7000007629395,30.2000007629395,12.3000001907349,1075,145,55,29.1000003814697,330,208,208,241,21.7000007629395,12.6000003814697,39.2000007629395,718.200012207031,37.4000015258789,5.30000019073486,32.0999984741211,25.1000003814697,31.1000003814697,30.2999992370605,12.6999998092651,1013,130,48,26.6000003814697,310,193,193,230,21.7999992370605,12.5,39.2999992370605,722.299987792969,37.5,5.59999990463257,31.8999996185303,25.2000007629395,31.2000007629395,30.3999996185303,12.6000003814697,1012,118,50,23.5,301,197,197,236,21.7000007629395,12.8000001907349,39.0999984741211,722,37.2000007629395,4.59999990463257,32.5999984741211,25.2000007629395,30.5,30,12.3999996185303,1022,125,53,26.1000003814697,307,215,215,227,21,12.3999996185303,40.5,715.200012207031,36,5.5,30.5,22.7000007629395,29.7000007629395,29.2999992370605,11.8000001907349,1058,123,60,21.6000003814697,316,222,222,239,21.2000007629395,12.3999996185303,39.5,696.200012207031,36.5999984741211,5.09999990463257,31.5,24.8999996185303,30,29.3999996185303,12.3999996185303,1026,128,51,28.1000003814697,316,210,210,219,22.1000003814697,12.8999996185303,38.7000007629395,734.099975585938,38.5999984741211,5.30000019073486,33.2999992370605,25.3999996185303,31.2000007629395,30.6000003814697,12.6000003814697,1006,130,55,26.2999992370605,323,207,207,222
"10",10,11.5,12.3000001907349,27.5,1184.5,33.4000015258789,-11.1000003814697,44.5,23.8999996185303,-6.19999980926514,25.5,-3.70000004768372,853,116,21,46.5,322,78,311,78,59.5,108.199996948242,74.6999969482422,1355.40002441406,134.899993896484,-10,144.899993896484,74.5,39.5,75.6999969482422,42.0999984741211,1040,167,25,51.2999992370605,420,95,412,95,12.1999998092651,11.6000003814697,26.7999992370605,1139.09997558594,34.2999992370605,-8.89999961853027,43.2000007629395,24.2000007629395,-4.30000019073486,25.7000007629395,-2.40000009536743,850,125,21,48.7000007629395,336,77,316,77,12.1999998092651,12,28.2999992370605,1097.69995117188,33.7000007629395,-8.60000038146973,42.2999992370605,24.1000003814697,-3.90000009536743,25.7000007629395,-1.5,811,118,22,46.0999984741211,308,78,298,78,11,11.6000003814697,27.3999996185303,1091.80004882812,31.3999996185303,-10.6999998092651,42.0999984741211,25.2999992370605,-5.80000019073486,23.7999992370605,-3.09999990463257,885,143,21,51.5999984741211,357,79,357,79,11.1999998092651,11.5,28,1091.09997558594,31.3999996185303,-9.69999980926514,41.0999984741211,22.3999996185303,-4.80000019073486,24,-2.90000009536743,881,139,21,50.2000007629395,350,78,333,78,11.5,12.8999996185303,28.8999996185303,1142.80004882812,33,-11.5,44.5,23.6000003814697,-5.80000019073486,24.8999996185303,-3.40000009536743,886,137,20,52.4000015258789,355,74,348,74,10.3999996185303,11.6000003814697,27.7000007629395,1124.59997558594,31.1000003814697,-10.8999996185303,42,22.7000007629395,-5.90000009536743,23.7000007629395,-4.09999990463257,855,137,22,51.5,349,75,328,75,10.3999996185303,11.6000003814697,27.7000007629395,1097.09997558594,31,-10.8000001907349,41.7999992370605,22.3999996185303,-5.90000009536743,23.5,-3.90000009536743,874,129,21,50,349,77,338,77,11.1999998092651,11.8999996185303,28,1130.40002441406,31.8999996185303,-10.8000001907349,42.7000007629395,23.1000003814697,-5.90000009536743,24.3999996185303,-3.5,858,135,20,50.7000007629395,344,74,330,74
"11",11,13.6999998092651,11.3999996185303,28.3999996185303,1072,33.7999992370605,-6.40000009536743,40.2000007629395,24.8999996185303,-2.29999995231628,26.3999996185303,-0.100000001490116,1038,126,49,26.7000007629395,334,171,299,171,61.5999984741211,107.800003051758,76.4000015258789,1243.59997558594,135,-6,141,75.6999969482422,43.4000015258789,76.9000015258789,45.9000015258789,1399,201,64,31.5,482,226,450,226,14.1000003814697,10.8000001907349,27.8999996185303,1028.40002441406,34,-4.59999990463257,38.5999984741211,25,-0.800000011920929,26.2999992370605,0.899999976158142,1057,121,50,27,341,178,327,178,13.8999996185303,11.3000001907349,29.5,1006.5,33.7000007629395,-4.5,38.2000007629395,19.1000003814697,-0.400000005960464,26.2000007629395,1.29999995231628,1004,114,49,24.7000007629395,323,181,286,181,12.8999996185303,10.8999996185303,28.1000003814697,1015.59997558594,32.2000007629395,-6.5,38.7000007629395,23.7000007629395,-2.40000009536743,25,0.100000001490116,1015,117,47,25.6000003814697,327,176,312,176,13.1000003814697,10.8000001907349,28.7000007629395,1003.90002441406,32,-5.5,37.5,23.7000007629395,-1.5,25,0.200000002980232,1038,117,50,25.8999996185303,339,172,312,172,13.5,11.8999996185303,29.3999996185303,1049.40002441406,33.5999984741211,-6.90000009536743,40.5,24.7999992370605,-2.20000004768372,25.8999996185303,0,1043,117,48,26.2999992370605,335,172,328,172,12.3999996185303,10.8999996185303,29.1000003814697,1013,31.5,-6,37.5,23.7000007629395,-1.79999995231628,24.6000003814697,-0.5,1052,118,52,25.5,341,177,322,177,12.3999996185303,10.8000001907349,28.5,1001.59997558594,31.5,-6.5,38,23.5,-2.40000009536743,24.3999996185303,-0.5,1075,120,51,25.2999992370605,344,179,336,179,13.3000001907349,11.1999998092651,29.1000003814697,1020,32.4000015258789,-6.19999980926514,38.5999984741211,24.2000007629395,-1.89999997615814,25.3999996185303,0.100000001490116,1023,120,48,27.2999992370605,338,171,322,171
"12",12,18.7000007629395,11.8999996185303,33.7000007629395,877.400024414062,35.9000015258789,0.5,35.4000015258789,18.3999996185303,26,29.2000007629395,7.59999990463257,1309,149,68,25,412,235,254,346,67.6999969482422,110.400001525879,79.8000030517578,1060.40002441406,139.399993896484,1,138.399993896484,66.8000030517578,81.5,80.8000030517578,54.5999984741211,1717,233,80,29.7999992370605,571,302,302,418,18.7999992370605,11.3000001907349,34,839.599975585938,35.2999992370605,2,33.2999992370605,18.2999992370605,25.5,28.8999996185303,8.19999980926514,1313,139,78,20.7000007629395,406,251,278,334,18.3999996185303,11.3999996185303,33.4000015258789,853.299987792969,35.4000015258789,1.29999995231628,34.0999984741211,18.2999992370605,29.8999996185303,28.7999992370605,7.69999980926514,1336,142,76,21.7999992370605,415,255,255,353,18.2999992370605,11.5,33.0999984741211,857.799987792969,35.5999984741211,1,34.5999984741211,17.3999996185303,28.8999996185303,28.7000007629395,7.59999990463257,1310,148,66,24.5,417,242,245,354,18.2999992370605,11.3999996185303,34,836.900024414062,35.0999984741211,1.70000004768372,33.4000015258789,17.8999996185303,28.7000007629395,28.5,7.80000019073486,1308,142,69,22.2999992370605,413,242,259,335,18.7000007629395,11.8999996185303,33.9000015258789,860.700012207031,35.7999992370605,0.800000011920929,35,18.5,26,28.8999996185303,7.69999980926514,1294,137,71,22,403,244,253,341,17.5,11.1999998092651,35.2000007629395,829.299987792969,33.5999984741211,1.60000002384186,32,17.6000003814697,24.6000003814697,27.2999992370605,7,1318,143,80,19.2000007629395,382,252,281,355,17.7000007629395,11.3000001907349,34.2999992370605,813,33.7999992370605,1,32.7999992370605,17.2999992370605,23.8999996185303,27.5,7.40000009536743,1337,142,72,22.2000007629395,420,251,272,339,18.5,11.6999998092651,34.4000015258789,839.299987792969,35.2999992370605,1.20000004768372,34.0999984741211,18.1000003814697,25.6000003814697,28.5,7.80000019073486,1278,143,72,24.8999996185303,415,225,255,327
"13",13,13.8000001907349,11.8999996185303,31.3999996185303,982,33.2000007629395,-4.80000019073486,38,23.8999996185303,-0.600000023841858,25.6000003814697,1.39999997615814,999,112,56,23.1000003814697,326,191,305,191,61.5,108.199996948242,77.8000030517578,1153.69995117188,134.300003051758,-4.80000019073486,139.100006103516,74.5,44.9000015258789,75.9000015258789,47.2000007629395,1332,191,72,28.5,430,257,402,257,14.1000003814697,11.3999996185303,30.8999996185303,945.599975585938,33.5999984741211,-3.40000009536743,37,24.1000003814697,0.5,25.6000003814697,2.20000004768372,1014,111,54,23.6000003814697,327,197,317,197,14.1000003814697,11.6000003814697,32.4000015258789,938.599975585938,33,-2.90000009536743,35.9000015258789,24.2000007629395,2.70000004768372,25.6000003814697,2.5,988,106,60,19.5,313,205,289,210,13,11.5,31.6000003814697,938.599975585938,31.6000003814697,-4.90000009536743,36.5,22.8999996185303,1.5,24.2999992370605,1.29999995231628,989,114,55,24,330,193,311,195,13.3000001907349,11.5,32.4000015258789,929.200012207031,31.6000003814697,-4,35.5999984741211,22.8999996185303,0.200000002980232,24.3999996185303,1.60000002384186,985,108,54,22.2999992370605,321,189,299,189,13.8000001907349,11.8999996185303,31.2000007629395,983.599975585938,33.0999984741211,-5,38.0999984741211,24.2000007629395,-0.600000023841858,25.6000003814697,1.29999995231628,984,109,56,21.7000007629395,316,191,305,191,12.6999998092651,11.5,32.5999984741211,931.200012207031,31,-4.19999980926514,35.2000007629395,22.7000007629395,0.100000001490116,24,1.10000002384186,997,113,57,22.2999992370605,327,193,305,193,12.8000001907349,11.3999996185303,31.3999996185303,938.5,31.2999992370605,-5.19999980926514,36.5,22.7999992370605,-0.899999976158142,24.1000003814697,0.899999976158142,996,111,59,21.5,320,194,311,194,13.5,12,33,928.400024414062,31.7999992370605,-4.59999990463257,36.4000015258789,23.2000007629395,1.60000002384186,24.5,1.60000002384186,997,119,55,25.6000003814697,332,191,325,191
"14",14,9.19999980926514,10.1000003814697,26.2999992370605,1033.40002441406,29,-9.19999980926514,38.2000007629395,22.7999992370605,-5.09999990463257,21.7000007629395,-3.40000009536743,814,89,34,27.1000003814697,255,125,238,125,55.9000015258789,104.300003051758,75.6999969482422,1200.40002441406,127.400001525879,-10.5,137.899993896484,71.4000015258789,37.7999992370605,70.3000030517578,40.4000015258789,1018,124,43,29.8999996185303,340,157,323,157,9.60000038146973,9.60000038146973,25,1024.09997558594,29.2999992370605,-8.89999961853027,38.2000007629395,19.6000003814697,-5,21.7999992370605,-3.29999995231628,806,90,32,27.7999992370605,251,123,243,123,8.80000019073486,9.80000019073486,25.3999996185303,1031.5,28.7000007629395,-9.89999961853027,38.5999984741211,21.7999992370605,-5.80000019073486,21.3999996185303,-4,790,95,30,29.7999992370605,258,117,240,117,8.5,9.60000038146973,25.2999992370605,1005.59997558594,27.6000003814697,-10.1999998092651,37.7999992370605,17.8999996185303,-6,20.5,-3.79999995231628,800,91,33,29,253,123,251,123,8.80000019073486,9.39999961853027,24.3999996185303,1023.5,28.5,-9.80000019073486,38.2999992370605,22.3999996185303,-5.69999980926514,21.2000007629395,-3.79999995231628,803,95,30,29.8999996185303,258,116,249,116,8.80000019073486,10,25.7999992370605,1036.5,28.2000007629395,-10.5,38.7000007629395,19,-6.09999990463257,21.1000003814697,-4.19999980926514,801,89,31,29.2999992370605,253,118,248,118,8.19999980926514,9.69999980926514,25.7999992370605,1016,27.2999992370605,-10.1999998092651,37.5,21.2999992370605,-6.09999990463257,20.3999996185303,-4.5,804,93,31,30.2000007629395,265,121,258,121,8.10000038146973,9.60000038146973,25.6000003814697,1000.09997558594,27.2000007629395,-10.3000001907349,37.5,18.2999992370605,-6.19999980926514,20.2999992370605,-4.5,820,91,33,29.5,264,122,261,122,9,9.80000019073486,25.7999992370605,1003.5,27.7999992370605,-10.1999998092651,38,21.7999992370605,-5.90000009536743,20.7999992370605,-3.79999995231628,819,90,32,29.3999996185303,265,119,262,119
"15",15,18.5,12.8999996185303,39.4000015258789,757,34.2000007629395,1.5,32.7000007629395,9.60000038146973,19.2999992370605,27.5,8.89999961853027,1372,150,75,19.2000007629395,402,261,380,363,67.5,111.699996948242,82.0999984741211,915.599975585938,137.5,1.39999997615814,136.100006103516,54.5,67.0999984741211,78.6999969482422,56.0999984741211,1810,195,104,19.6000003814697,547,343,445,547,18.5,12.3999996185303,39.5999984741211,724.599975585938,33.7999992370605,2.40000009536743,31.3999996185303,9.89999961853027,19.2000007629395,27.2000007629395,9.19999980926514,1373,150,75,19,401,252,375,366,18.2000007629395,12.5,40,731.799987792969,33.5,2.20000004768372,31.2999992370605,9.30000019073486,18.7999992370605,26.8999996185303,8.89999961853027,1337,153,70,22.5,433,239,341,398,18,12.6000003814697,39,748,33.7999992370605,1.5,32.2999992370605,9.30000019073486,18.6000003814697,26.8999996185303,8.60000038146973,1340,159,75,19.8999996185303,414,256,333,380,18,12.6000003814697,39.7000007629395,733.599975585938,33.7999992370605,2.09999990463257,31.7000007629395,9.39999961853027,18.5,26.7999992370605,8.69999980926514,1342,151,77,18.6000003814697,403,252,343,364,18.3999996185303,12.8999996185303,39.7999992370605,746,34,1.60000002384186,32.4000015258789,9.69999980926514,19.1000003814697,27.2999992370605,8.89999961853027,1387,151,80,18,414,260,358,386,17.6000003814697,12.5,41.4000015258789,719.799987792969,32.7000007629395,2.5,30.2000007629395,9.10000038146973,18.7000007629395,26.2000007629395,8.5,1322,135,68,21.3999996185303,396,235,351,396,17.6000003814697,12.3999996185303,40,717.900024414062,32.7000007629395,1.60000002384186,31.1000003814697,9.5,18.2000007629395,26.2000007629395,8.5,1363,151,75,19.6000003814697,406,248,360,375,18.2999992370605,12.6999998092651,40.7000007629395,718.200012207031,33.5999984741211,2.29999995231628,31.2999992370605,27.7000007629395,18.8999996185303,26.8999996185303,9.10000038146973,1368,145,68,20.6000003814697,390,237,390,363
"16",16,11,10.5,29.1000003814697,963.5,30.2000007629395,-5.80000019073486,36,16.1000003814697,-1.5,22.8999996185303,-0.800000011920929,949,98,48,20.8999996185303,279,165,268,171,57.9000015258789,105.199996948242,77.6999969482422,1121.19995117188,128.899993896484,-6.5,135.399993896484,72.5,43.5,71.8000030517578,44,1237,167,70,23.7000007629395,384,226,323,240,11.3999996185303,9.89999961853027,27.6000003814697,946.599975585938,30.5,-5.40000009536743,35.9000015258789,24.3999996185303,-1.5,22.8999996185303,-0.400000005960464,945,97,52,18.7000007629395,270,171,270,183,10.6999998092651,10.1999998092651,29,940.700012207031,29.5,-5.80000019073486,35.2999992370605,15.8000001907349,-1.29999995231628,22.2999992370605,-0.899999976158142,928,96,54,17.1000003814697,264,173,255,188,10.1999998092651,10.1000003814697,28.2000007629395,948,28.6000003814697,-7.19999980926514,35.7999992370605,15.3999996185303,-2,21.7000007629395,-1.5,923,103,49,20.2000007629395,273,166,263,175,10.3000001907349,10.1000003814697,28.3999996185303,947.5,28.7000007629395,-6.69999980926514,35.4000015258789,23,-2.40000009536743,21.7000007629395,-1.5,925,95,51,18.7000007629395,267,166,267,176,10.6999998092651,10.3999996185303,28.2999992370605,981.299987792969,29.7999992370605,-7,36.7999992370605,23.7999992370605,-2.5,22.6000003814697,-1.5,925,97,50,19.2000007629395,266,165,266,175,10.1000003814697,10.1000003814697,28.8999996185303,941.900024414062,28.6000003814697,-6.19999980926514,34.7999992370605,17.6000003814697,-1.60000002384186,21.7000007629395,-1.39999997615814,956,98,50,20.7000007629395,279,167,274,180,10,10.1999998092651,28.3999996185303,948.900024414062,28.6000003814697,-7.19999980926514,35.7999992370605,22.7999992370605,-2.40000009536743,21.6000003814697,-1.89999997615814,926,95,52,19.1000003814697,264,165,264,174,10.6999998092651,10.3999996185303,28.8999996185303,946.799987792969,29.2000007629395,-6.69999980926514,35.9000015258789,23.2999992370605,-2,22.1000003814697,-1.20000004768372,951,99,50,20.2999992370605,281,164,281,177
"17",17,15.3999996185303,11.8999996185303,33.2999992370605,907.700012207031,33.7999992370605,-2.09999990463257,35.9000015258789,24.6000003814697,2.59999990463257,26.5,4.19999980926514,1167,123,71,13.8000001907349,333,244,317,244,63.2999992370605,108.699996948242,78.8000030517578,1062.09997558594,135.5,-2.40000009536743,137.899993896484,77,48.4000015258789,76.6999969482422,50.2999992370605,1602,167,105,14.6000003814697,454,346,400,346,15.5,11.5,32.7000007629395,878.700012207031,34,-1.29999995231628,35.2999992370605,24.7000007629395,3.29999995231628,26.3999996185303,4.69999980926514,1192,121,78,13.8999996185303,342,260,331,260,15.3000001907349,11.8000001907349,33.9000015258789,871.5,33.2999992370605,-1.39999997615814,34.7000007629395,14.1999998092651,10.1999998092651,26,4.59999990463257,1151,118,82,11.3999996185303,314,271,288,276,14.6000003814697,11.6000003814697,33.0999984741211,890.5,32.5999984741211,-2.5,35.0999984741211,23.8999996185303,2.20000004768372,25.3999996185303,3.59999990463257,1163,119,81,10.5,332,262,310,262,14.8999996185303,11.6000003814697,33.5,869.5,32.7000007629395,-1.89999997615814,34.5999984741211,23.6000003814697,2.90000009536743,25.3999996185303,4.09999990463257,1166,124,75,12.6000003814697,331,258,309,258,15.3000001907349,11.8999996185303,32.7999992370605,912.900024414062,33.7000007629395,-2.59999990463257,36.2999992370605,24.7999992370605,2.20000004768372,26.3999996185303,3.79999995231628,1192,121,77,13.3000001907349,344,257,332,257,14.6000003814697,11.6999998092651,34.2999992370605,867.099975585938,32.2999992370605,-1.70000004768372,34,23.7000007629395,8.10000038146973,25.2999992370605,4.09999990463257,1161,133,76,15.5,348,251,309,263,14.6000003814697,11.6000003814697,33,877.700012207031,32.4000015258789,-2.79999995231628,35.2000007629395,23.7000007629395,2,25.2999992370605,3.5,1148,117,78,12,328,251,313,251,15.3000001907349,11.8999996185303,34.0999984741211,867.900024414062,33,-1.89999997615814,34.9000015258789,24.1000003814697,2.90000009536743,25.7999992370605,4.40000009536743,1173,128,73,17,352,245,350,245
"18",18,16,11.8000001907349,33.0999984741211,911.799987792969,34.2999992370605,-1.5,35.7999992370605,25.2999992370605,3.20000004768372,27.1000003814697,4.69999980926514,1109,113,69,13.6000003814697,313,234,307,234,64,108.699996948242,78.9000015258789,1067.5,136,-1.79999995231628,137.800003051758,77.5999984741211,49,77.4000015258789,50.9000015258789,1524,159,101,14.6000003814697,439,333,385,333,16.1000003814697,11.3999996185303,32.4000015258789,882.700012207031,34.4000015258789,-0.699999988079071,35.0999984741211,27.2000007629395,3.79999995231628,27,5.19999980926514,1137,116,76,13.8000001907349,325,251,320,251,15.8999996185303,11.6000003814697,33.7000007629395,875.700012207031,33.7000007629395,-0.800000011920929,34.5,14.6999998092651,10.6000003814697,26.7000007629395,5.19999980926514,1095,109,79,11.3000001907349,295,256,278,264,15.1999998092651,11.5,32.9000015258789,895.400024414062,33,-1.89999997615814,34.9000015258789,24.6000003814697,2.79999995231628,26.1000003814697,4.19999980926514,1106,110,79,9.89999961853027,313,252,299,252,15.5,11.3999996185303,33.2999992370605,874.599975585938,33.0999984741211,-1.29999995231628,34.4000015258789,24.3999996185303,3.5,26.1000003814697,4.69999980926514,1109,115,73,12.1999998092651,312,248,298,248,15.8999996185303,11.6999998092651,32.5,917.799987792969,34.0999984741211,-2,36.0999984741211,25.6000003814697,2.79999995231628,27,4.40000009536743,1136,116,75,13.3000001907349,324,248,320,248,15.1999998092651,11.5,34,873.200012207031,32.7999992370605,-1.10000002384186,33.9000015258789,24.3999996185303,8.60000038146973,26,4.59999990463257,1104,124,74,14.6999998092651,328,240,296,253,15.1999998092651,11.5,32.7000007629395,881.799987792969,32.7999992370605,-2.20000004768372,35,24.3999996185303,2.59999990463257,25.8999996185303,4.09999990463257,1093,109,75,12,310,240,302,240,15.8999996185303,11.8000001907349,33.7999992370605,872.5,33.5,-1.29999995231628,34.7999992370605,27.6000003814697,3.5,26.5,5,1117,122,71,17.5,339,235,339,235
"19",19,25.7999992370605,8,47.7000007629395,322.5,33.4000015258789,16.6000003814697,16.7999992370605,29.5,21.1000003814697,29.5,21.6000003814697,1540,270,40,58.5999984741211,589,142,538,142,75.4000015258789,108.300003051758,91.0999984741211,375.700012207031,134.800003051758,15.8999996185303,118.900001525879,79.1999969482422,69.9000015258789,79.6999969482422,70.5999984741211,1968,328,50,62.2999992370605,836,182,750,182,25.7999992370605,8.10000038146973,48,318.899993896484,33.4000015258789,16.5,16.8999996185303,29.3999996185303,21.1000003814697,29.3999996185303,21.6000003814697,1572,268,39,60,627,143,584,143,25.2999992370605,8,47.2999992370605,329.5,33,16,17,29,20.7000007629395,29.1000003814697,21,1487,270,37,60.7000007629395,606,151,532,151,25.2000007629395,8.10000038146973,47.2000007629395,331.700012207031,33,15.8999996185303,17.1000003814697,29.1000003814697,20.3999996185303,29.1000003814697,21,1519,277,37,61.4000015258789,617,141,541,141,25.2999992370605,8,47.0999984741211,331.799987792969,33.0999984741211,16.1000003814697,17,28.7999992370605,20.7000007629395,29.1000003814697,21,1549,252,41,60.7000007629395,632,149,592,149,25.5,8.10000038146973,47.7999992370605,323.799987792969,33.0999984741211,16.2000007629395,16.8999996185303,29.2000007629395,20.7999992370605,29.2000007629395,21.2999992370605,1466,257,36,59.4000015258789,592,137,531,137,24.8999996185303,8,48.5999984741211,310.200012207031,32.5,16.1000003814697,16.3999996185303,28.2000007629395,20.6000003814697,28.5,21,1615,252,42,61.7999992370605,671,144,627,144,25,8,48.2000007629395,318.299987792969,32.5999984741211,15.8999996185303,16.7000007629395,28.3999996185303,20.3999996185303,28.6000003814697,20.8999996185303,1503,229,36,58.5,600,139,588,139,25.3999996185303,8.10000038146973,47.2000007629395,324.5,33.0999984741211,16,17.1000003814697,29.1000003814697,20.7999992370605,29.1000003814697,21.2000007629395,1495,271,34,64.3000030517578,605,128,556,128
"20",20,27,12.1999998092651,77.9000015258789,124.199996948242,34.4000015258789,18.7999992370605,15.6000003814697,28.2000007629395,25.2999992370605,28.2999992370605,25.2999992370605,1566,226,45,48.0999984741211,615,159,579,175,76.5,112.400001525879,96.8000030517578,137.199996948242,134.399993896484,18.2999992370605,116.099998474121,78,74.6999969482422,78,74.6999969482422,1980,293,57,52.0999984741211,824,190,791,219,27.1000003814697,12.1000003814697,78.4000015258789,124.900001525879,34.5,19,15.5,28.3999996185303,25.3999996185303,28.3999996185303,25.5,1477,212,44,49.4000015258789,599,148,539,164,26.7000007629395,12.1999998092651,78.1999969482422,126.699996948242,34.2000007629395,18.6000003814697,15.6000003814697,28,24.8999996185303,28,25,1614,257,44,53.9000015258789,682,150,657,167,26.7000007629395,12.1999998092651,77.5999984741211,131,34.2000007629395,18.5,15.6999998092651,28.1000003814697,24.8999996185303,28.1000003814697,25,1642,247,48,53.7999992370605,692,150,663,172,26.7999992370605,12.1999998092651,77.6999969482422,129.300003051758,34.2999992370605,18.6000003814697,15.6999998092651,28.2000007629395,25,28.2000007629395,25.1000003814697,1667,248,45,53.5999984741211,701,154,643,170,26.7999992370605,12.1999998092651,78.5,125.300003051758,34.2000007629395,18.7000007629395,15.5,28.1000003814697,25.1000003814697,28.1000003814697,25.2000007629395,1507,211,44,50,608,145,566,165,26.5,12.1999998092651,77.9000015258789,125.199996948242,33.9000015258789,18.2999992370605,15.6000003814697,27.7999992370605,24.7000007629395,27.7999992370605,24.7999992370605,1569,231,42,55.2000007629395,675,139,621,165,26.5,12.1999998092651,78.5,125,33.9000015258789,18.3999996185303,15.5,27.7999992370605,24.7999992370605,27.7999992370605,24.7999992370605,1509,228,41,53.5,647,140,593,161,26.7999992370605,12.1999998092651,77.5,128.100006103516,34.2999992370605,18.6000003814697,15.6999998092651,28.1000003814697,25,28.1000003814697,25.1000003814697,1643,234,46,50.7000007629395,658,154,599,169
"21",21,13.1000003814697,13.8000001907349,37.5,845.400024414062,35.4000015258789,-1.29999995231628,36.7000007629395,2.29999995231628,25.3999996185303,23.8999996185303,3.40000009536743,406,57,13,42.9000015258789,156,45,51,141,60.0999984741211,108.599998474121,79,998.900024414062,136.300003051758,-1.20000004768372,137.5,48.5999984741211,74.0999984741211,73.0999984741211,48.5999984741211,519,77,14,50.4000015258789,219,53,57,199,13.8000001907349,13.5,37.0999984741211,817,36.7000007629395,0.200000002980232,36.5,3.59999990463257,26.3999996185303,24.2999992370605,4.40000009536743,402,56,12,43.9000015258789,159,44,51,148,12.6000003814697,13.6999998092651,38.2000007629395,803.299987792969,34.0999984741211,-1.70000004768372,35.7999992370605,2.09999990463257,24.3999996185303,22.7999992370605,3.20000004768372,383,51,13,40.7000007629395,146,45,53,135,12.8000001907349,13.3999996185303,38.2999992370605,782.799987792969,34.2000007629395,-0.899999976158142,35.0999984741211,2.79999995231628,24.6000003814697,22.8999996185303,3.79999995231628,395,56,13,44.0999984741211,155,44,49,143,12.8000001907349,13.1999998092651,38.2000007629395,785.5,33.9000015258789,-0.699999988079071,34.5999984741211,2.79999995231628,24.5,23,3.79999995231628,402,53,13,43.2999992370605,159,47,50,146,12.6999998092651,13.5,37.2000007629395,836.5,34.2999992370605,-1.89999997615814,36.2000007629395,2.09999990463257,24.7999992370605,23.3999996185303,2.90000009536743,398,54,14,41.5999984741211,156,48,53,143,12.1000003814697,13.3000001907349,37,821.900024414062,33.9000015258789,-2.09999990463257,36,1.79999995231628,23.8999996185303,22.7000007629395,2.29999995231628,389,52,13,40.0999984741211,149,47,52,138,12.1999998092651,13.3000001907349,37.7999992370605,797.200012207031,33.5999984741211,-1.5,35.0999984741211,2.20000004768372,24,22.5,2.90000009536743,391,54,13,42.5999984741211,154,45,51,142,12.6999998092651,13.5,37,828,34.2999992370605,-2.20000004768372,36.5,2.40000009536743,24.6000003814697,23.2000007629395,2.90000009536743,404,56,13,43.7000007629395,160,45,51,148
"22",22,12.8000001907349,14,38.0999984741211,853.900024414062,34,-2.70000004768372,36.7000007629395,1.29999995231628,24.5,23.3999996185303,2.59999990463257,200,30,5,46.7000007629395,83,21,22,73,59.9000015258789,109.300003051758,79.3000030517578,1007.90002441406,135.199996948242,-2.70000004768372,137.899993896484,47.5999984741211,75.5,72.8000030517578,47.9000015258789,255,41,5,53.7000007629395,114,24,24,101,13.3999996185303,13.8000001907349,37.4000015258789,834.099975585938,35.4000015258789,-1.39999997615814,36.7999992370605,2.40000009536743,25.1000003814697,23.7999992370605,3.40000009536743,198,31,4,50,86,20,20,77,12.3000001907349,13.8000001907349,38.5999984741211,816,32.9000015258789,-3,35.9000015258789,1.10000002384186,23.6000003814697,22.3999996185303,2.40000009536743,190,28,5,44.5999984741211,78,22,23,70,12.6000003814697,13.6999998092651,39,789.299987792969,33.0999984741211,-1.89999997615814,35,1.89999997615814,23.5,22.3999996185303,3.09999990463257,196,30,5,47.2999992370605,82,21,21,75,12.5,13.5,38.9000015258789,799.900024414062,32.7000007629395,-2.09999990463257,34.7999992370605,1.79999995231628,23.7999992370605,22.6000003814697,2.90000009536743,200,28,5,44.5999984741211,83,23,23,74,12.5,13.6999998092651,37.7999992370605,848.599975585938,33.0999984741211,-3.09999990463257,36.2000007629395,1.10000002384186,24.1000003814697,23,2.09999990463257,198,29,5,46.0999984741211,83,22,22,74,11.8000001907349,13.5,37.2999992370605,835.400024414062,32.5999984741211,-3.5,36.0999984741211,0.800000011920929,23.7000007629395,22.2000007629395,1.39999997615814,200,29,5,43.7000007629395,82,23,23,73,11.8999996185303,13.5,38.2000007629395,817.099975585938,32.4000015258789,-2.90000009536743,35.2999992370605,1.20000004768372,23.3999996185303,22.1000003814697,1.89999997615814,195,29,5,47.4000015258789,83,21,21,74,12.5,13.8000001907349,36.9000015258789,858.900024414062,33.7000007629395,-3.59999990463257,37.2999992370605,1.20000004768372,24.2000007629395,23,1.89999997615814,202,30,5,45.5,84,23,23,76
"23",23,26.2999992370605,12.6000003814697,78.5,121.800003051758,33.9000015258789,17.8999996185303,16,27.2000007629395,24.5,27.6000003814697,24.7000007629395,1693,211,75,31.8999996185303,535,247,469,247,75.8000030517578,112.800003051758,96.8000030517578,135.300003051758,133.899993896484,17.3999996185303,116.5,77.4000015258789,73.9000015258789,77.3000030517578,74.0999984741211,2131,270,80,34.0999984741211,704,311,642,311,26.3999996185303,12.5,78.8000030517578,122.099998474121,34,18.1000003814697,15.8999996185303,27.2999992370605,24.7000007629395,27.7999992370605,24.7999992370605,1610,204,74,32.7999992370605,517,234,440,234,26,12.6000003814697,78.5999984741211,123.800003051758,33.5999984741211,17.6000003814697,16,27.3999996185303,24.2000007629395,27.3999996185303,24.3999996185303,1729,220,73,35.2999992370605,582,237,533,237,26,12.6000003814697,78.3000030517578,128.600006103516,33.7000007629395,17.6000003814697,16.1000003814697,27.5,24.2000007629395,27.3999996185303,24.3999996185303,1761,234,74,36.2999992370605,595,244,544,244,26.1000003814697,12.6000003814697,77.6999969482422,127.199996948242,33.7999992370605,17.6000003814697,16.2000007629395,27.5,24.2000007629395,27.5,24.5,1793,223,76,35.7000007629395,604,243,527,243,26.1000003814697,12.5,78.4000015258789,125.099998474121,33.7000007629395,17.7000007629395,16,27.5,24.3999996185303,27.5,24.5,1634,208,73,33.2000007629395,525,234,461,234,25.7999992370605,12.5,78.4000015258789,123.5,33.4000015258789,17.3999996185303,16,27.1000003814697,24,27.1000003814697,24.2000007629395,1689,235,67,38.0999984741211,583,235,511,235,25.7999992370605,12.6000003814697,78.4000015258789,123.900001525879,33.4000015258789,17.3999996185303,16,27.2000007629395,24,27.2000007629395,24.2000007629395,1624,199,69,34.9000015258789,558,227,486,227,26.1000003814697,12.5,77.8000030517578,127.300003051758,33.7999992370605,17.7000007629395,16.1000003814697,26.5,24.2999992370605,27.5,24.5,1785,243,76,36.4000015258789,571,240,491,240
"24",24,27.5,7.19999980926514,69.0999984741211,123.699996948242,32.5,22.1000003814697,10.3999996185303,28.2999992370605,25.8999996185303,28.8999996185303,26,1120,176,47,42.2000007629395,441,159,234,159,77,107.300003051758,96.8000030517578,138.100006103516,132.5,21.6000003814697,110.900001525879,78.0999984741211,75.5,78.5999984741211,75.3000030517578,1393,186,56,40.5999984741211,541,192,416,201,27.6000003814697,7.19999980926514,68.9000015258789,126.400001525879,32.5999984741211,22.2000007629395,10.3999996185303,28.5,26,29,26.1000003814697,1087,165,44,43.7000007629395,435,150,298,150,27.2000007629395,7.19999980926514,68.1999969482422,127.800003051758,32.2999992370605,21.7999992370605,10.5,28,25.5,28.6000003814697,25.6000003814697,1144,157,44,41.5,444,152,349,216,27.2999992370605,7.19999980926514,68.3000030517578,129.899993896484,32.4000015258789,21.8999996185303,10.5,28.1000003814697,25.6000003814697,28.7000007629395,25.7000007629395,1165,160,44,41.5999984741211,454,157,361,157,27.2999992370605,7.19999980926514,67.9000015258789,128.800003051758,32.5,21.8999996185303,10.6000003814697,28.1000003814697,25.6000003814697,28.7999992370605,25.7999992370605,1194,176,44,44.7999992370605,492,155,259,155,27.3999996185303,7.19999980926514,68.9000015258789,125.599998474121,32.4000015258789,22,10.3999996185303,28.1000003814697,25.7000007629395,28.7000007629395,25.7999992370605,1097,158,45,41.7000007629395,435,154,236,154,27,7.09999990463257,68.5,128,32,21.6000003814697,10.3999996185303,27.7999992370605,25.2999992370605,28.5,25.3999996185303,1087,150,43,41.0999984741211,410,149,245,149,27,7.19999980926514,68.8000030517578,125.699996948242,32.0999984741211,21.7000007629395,10.3999996185303,27.7999992370605,25.3999996185303,28.3999996185303,25.5,1073,151,43,43.5,437,145,318,145,27.2999992370605,7.19999980926514,68.4000015258789,126.599998474121,32.4000015258789,21.8999996185303,10.5,28.1000003814697,25.6000003814697,28.7000007629395,25.7999992370605,1183,181,47,43.7000007629395,471,157,246,157
"25",25,24.7999992370605,17.3999996185303,45.5,774.400024414062,44.2000007629395,6,38.2000007629395,17.2000007629395,27.3999996185303,34.4000015258789,15.5,90,18,1,64.9000015258789,46,6,17,44,74.1999969482422,117,82.9000015258789,909.900024414062,148,6.90000009536743,141.100006103516,62.7000007629395,77.5,85.4000015258789,63.4000015258789,116,25,1,76.1999969482422,64,6,11,64,25,17.2999992370605,45.4000015258789,765.299987792969,44.7000007629395,6.69999980926514,38,17.5,27.2000007629395,34.5,15.8999996185303,88,18,1,63.7999992370605,44,6,17,43,24.5,17.5,45.5999984741211,785.099975585938,44.2000007629395,5.80000019073486,38.4000015258789,16.7000007629395,27.7000007629395,33.9000015258789,14.8999996185303,85,18,1,65.0999984741211,43,6,10,42,24.2999992370605,17.2000007629395,46.0999984741211,749.700012207031,43.2999992370605,5.90000009536743,37.4000015258789,17,26.7999992370605,33.5,15.3999996185303,93,20,1,68.0999984741211,48,6,18,47,24.2999992370605,17.2000007629395,46,752.700012207031,43.5999984741211,6.19999980926514,37.4000015258789,16.8999996185303,26.7999992370605,33.5999984741211,15.3999996185303,92,19,1,67.3000030517578,48,6,17,46,24.2999992370605,17.5,45.7000007629395,774.299987792969,43.9000015258789,5.5,38.4000015258789,16.7000007629395,26.7999992370605,33.9000015258789,15,86,17,1,62.4000015258789,43,6,17,41,23.7999992370605,17.2000007629395,45.7999992370605,769.099975585938,43.2000007629395,5.59999990463257,37.5999984741211,15.6000003814697,26.7999992370605,33.2000007629395,14.5,91,21,1,71.1999969482422,49,6,17,46,23.8999996185303,17.2999992370605,46.2000007629395,754.099975585938,43,5.69999980926514,37.2999992370605,16.5,26.2999992370605,33,14.8000001907349,87,18,1,64,44,6,11,42,24.7000007629395,17.5,45.4000015258789,783.599975585938,44.5999984741211,6,38.5999984741211,17.1000003814697,27.3999996185303,34.2999992370605,15.3000001907349,89,19,1,63.5999984741211,44,6,18,42
"26",26,19.5,12.6000003814697,52.9000015258789,402.700012207031,31.7000007629395,7.90000009536743,23.7999992370605,15.3000001907349,24.3999996185303,24.7999992370605,14.8999996185303,349,76,1,97.5999984741211,215,6,12,196,68.3000030517578,110.900001525879,89.4000015258789,494.600006103516,132.600006103516,8.60000038146973,124,62.7000007629395,74.8000030517578,74.8000030517578,62.7000007629395,475,118,1,106.099998474121,298,6,13,295,19.7000007629395,12.5,54.2000007629395,393.899993896484,31.6000003814697,8.5,23.1000003814697,15.6000003814697,24.8999996185303,24.8999996185303,15.3000001907349,339,71,1,97,208,6,12,188,19,12.6999998092651,54.2000007629395,406.700012207031,31,7.59999990463257,23.3999996185303,14.8000001907349,23.8999996185303,24.2000007629395,14.3999996185303,333,73,1,99.5,206,6,11,188,18.8999996185303,12.3999996185303,53.4000015258789,383.399993896484,30.8999996185303,7.59999990463257,23.2999992370605,15,23.6000003814697,24,14.6000003814697,359,79,1,99.9000015258789,224,6,13,209,18.8999996185303,12.3999996185303,53.9000015258789,386,30.8999996185303,7.90000009536743,23,14.8000001907349,23.7999992370605,24,14.6000003814697,358,82,1,101.800003051758,230,6,12,202,19,12.6000003814697,53.7999992370605,395.299987792969,31,7.5,23.5,14.8999996185303,23.8999996185303,24.2000007629395,14.5,332,70,1,96.1999969482422,202,6,12,182,18.5,12.3999996185303,54.5999984741211,391.899993896484,30.2000007629395,7.5,22.7000007629395,14.1000003814697,23.2999992370605,23.6000003814697,14,349,86,1,101.400001525879,224,6,12,201,18.6000003814697,12.3999996185303,54.5999984741211,389.600006103516,30.2999992370605,7.5,22.7999992370605,14.6000003814697,23.5,23.7000007629395,14.1999998092651,336,70,1,96.6999969482422,204,6,12,187,19.2999992370605,12.6000003814697,53.0999984741211,408.399993896484,31.7000007629395,7.90000009536743,23.7999992370605,15.1999998092651,24.3999996185303,24.6000003814697,14.6999998092651,336,74,1,97.9000015258789,206,6,13,184
"27",27,20.2999992370605,14.6999998092651,40.2000007629395,799.900024414062,37.2999992370605,0.699999988079071,36.5999984741211,24.3999996185303,10.1000003814697,29.6000003814697,9.89999961853027,707,104,34,35.4000015258789,234,107,180,120,69.3000030517578,113.800003051758,81.6999969482422,951.700012207031,140.600006103516,1.39999997615814,139.199996948242,75.0999984741211,57.5,80.9000015258789,57.5999984741211,896,124,35,38.7999992370605,297,123,234,141,20.5,14.5,41.2999992370605,778.700012207031,37.0999984741211,1.89999997615814,35.2000007629395,25.1000003814697,10.5,29.7000007629395,10.5,699,98,29,35.4000015258789,242,106,205,109,19.7999992370605,14.3000001907349,39.9000015258789,799.700012207031,36.9000015258789,1,35.9000015258789,24.1000003814697,9.89999961853027,29.2999992370605,9.5,716,101,36,32.9000015258789,242,114,197,121,20.1000003814697,14.5,40,786.400024414062,37.7000007629395,1.5,36.2000007629395,23.8999996185303,10.1999998092651,29.6000003814697,10.3000001907349,685,105,33,35.2000007629395,242,108,174,114,20,14.3999996185303,40.2999992370605,783.299987792969,37.5,1.79999995231628,35.7000007629395,24.2000007629395,9.89999961853027,29.5,10.1000003814697,714,97,31,34.5,245,107,195,118,19.7000007629395,14.6000003814697,40.4000015258789,787.200012207031,36.4000015258789,0.400000005960464,36,23.8999996185303,9.60000038146973,28.7999992370605,9.5,714,103,33,37.4000015258789,255,109,202,116,19.2999992370605,14.3999996185303,41.5,791.799987792969,36.0999984741211,1.39999997615814,34.7000007629395,23.7999992370605,8.69999980926514,28.6000003814697,9.30000019073486,682,90,33,32.2999992370605,221,104,193,118,19.5,14.3999996185303,41.0999984741211,770.5,36.4000015258789,1.29999995231628,35.0999984741211,24,9.5,28.7000007629395,9.80000019073486,694,93,29,35.9000015258789,240,105,196,111,20.3999996185303,14.8999996185303,40.2000007629395,812,38.2999992370605,1.29999995231628,37,24.2999992370605,10.1999998092651,30,10,678,97,33,36.5999984741211,245,106,186,114
"28",28,28.5,10,71.8000030517578,88.6999969482422,36.2000007629395,22.2999992370605,13.8999996185303,28,28.6000003814697,29.7999992370605,27.6000003814697,1991,423,2,91.1999969482422,988,12,270,614,78.8000030517578,111.599998474121,96.4000015258789,90,137.600006103516,21.8999996185303,115.699996948242,78.0999984741211,79.0999984741211,80.0999984741211,77.9000015258789,2092,479,2,93.5999984741211,1016,12,312,486,28.6000003814697,10.1999998092651,72.8000030517578,82.1999969482422,36.4000015258789,22.3999996185303,14,28.1000003814697,28.7999992370605,29.7999992370605,27.7000007629395,1662,305,2,88.5999984741211,775,12,274,442,28.1000003814697,10.1000003814697,73.8000030517578,77.8000030517578,35.7999992370605,22.1000003814697,13.6999998092651,27.7000007629395,28.3999996185303,29.2000007629395,27.2999992370605,1734,333,2,91.0999984741211,837,13,274,460,28.2999992370605,9.89999961853027,72.3000030517578,88.3000030517578,35.9000015258789,22.2000007629395,13.6999998092651,27.7000007629395,28.5,29.5,27.2999992370605,1699,386,2,92.6999969482422,888,12,233,547,28.2000007629395,10.1000003814697,72.3000030517578,90.9000015258789,36,22.1000003814697,13.8999996185303,27.7000007629395,28.5,29.5,27.2000007629395,1783,357,2,89.6999969482422,863,12,278,533,28.2000007629395,10.1000003814697,72.5999984741211,82.6999969482422,36,22.1000003814697,13.8999996185303,27.6000003814697,28.3999996185303,29.3999996185303,27.2999992370605,1695,314,2,89.0999984741211,824,12,256,454,27.8999996185303,10,72.0999984741211,89,35.7999992370605,21.8999996185303,13.8999996185303,27.1000003814697,28.1000003814697,29.2000007629395,27,1894,379,2,93,975,12,258,527,27.6000003814697,9.89999961853027,72.0999984741211,90.8000030517578,35.5,21.7999992370605,13.6999998092651,27.1000003814697,28,29,26.7000007629395,1911,357,2,90.4000015258789,957,12,257,506,28,9.80000019073486,72.0999984741211,87,35.7000007629395,22.1000003814697,13.6000003814697,27.3999996185303,28.2000007629395,29.2000007629395,27,1940,371,2,88.3000030517578,929,12,298,569
"29",29,20.2999992370605,14.6999998092651,40.2000007629395,799.900024414062,37.2999992370605,0.699999988079071,36.5999984741211,24.3999996185303,10.1000003814697,29.6000003814697,9.89999961853027,707,104,34,35.4000015258789,234,107,180,120,69.3000030517578,113.800003051758,81.6999969482422,951.700012207031,140.600006103516,1.39999997615814,139.199996948242,75.0999984741211,57.5,80.9000015258789,57.5999984741211,896,124,35,38.7999992370605,297,123,234,141,20.5,14.5,41.2999992370605,778.700012207031,37.0999984741211,1.89999997615814,35.2000007629395,25.1000003814697,10.5,29.7000007629395,10.5,699,98,29,35.4000015258789,242,106,205,109,19.7999992370605,14.3000001907349,39.9000015258789,799.700012207031,36.9000015258789,1,35.9000015258789,24.1000003814697,9.89999961853027,29.2999992370605,9.5,716,101,36,32.9000015258789,242,114,197,121,20.1000003814697,14.5,40,786.400024414062,37.7000007629395,1.5,36.2000007629395,23.8999996185303,10.1999998092651,29.6000003814697,10.3000001907349,685,105,33,35.2000007629395,242,108,174,114,20,14.3999996185303,40.2999992370605,783.299987792969,37.5,1.79999995231628,35.7000007629395,24.2000007629395,9.89999961853027,29.5,10.1000003814697,714,97,31,34.5,245,107,195,118,19.7000007629395,14.6000003814697,40.4000015258789,787.200012207031,36.4000015258789,0.400000005960464,36,23.8999996185303,9.60000038146973,28.7999992370605,9.5,714,103,33,37.4000015258789,255,109,202,116,19.2999992370605,14.3999996185303,41.5,791.799987792969,36.0999984741211,1.39999997615814,34.7000007629395,23.7999992370605,8.69999980926514,28.6000003814697,9.30000019073486,682,90,33,32.2999992370605,221,104,193,118,19.5,14.3999996185303,41.0999984741211,770.5,36.4000015258789,1.29999995231628,35.0999984741211,24,9.5,28.7000007629395,9.80000019073486,694,93,29,35.9000015258789,240,105,196,111,20.3999996185303,14.8999996185303,40.2000007629395,812,38.2999992370605,1.29999995231628,37,24.2999992370605,10.1999998092651,30,10,678,97,33,36.5999984741211,245,106,186,114
"30",30,9.69999980926514,11.3000001907349,33.5,847,26.7999992370605,-6.90000009536743,33.7000007629395,18.1000003814697,-2.40000009536743,19.7999992370605,-0.899999976158142,1286,127,86,13,374,278,357,278,57.2999992370605,107.599998474121,79.6999969482422,1005.20001220703,127.800003051758,-7.30000019073486,135.100006103516,70.1999969482422,43.0999984741211,69.8000030517578,44.9000015258789,1777,181,122,12.8999996185303,503,397,463,397,9.89999961853027,10.8000001907349,32.9000015258789,813.700012207031,26.8999996185303,-5.90000009536743,32.7999992370605,18.2000007629395,-1.5,19.7000007629395,-0.200000002980232,1332,138,86,13.8000001907349,391,295,381,295,9.5,11,34.4000015258789,804.599975585938,26.1000003814697,-5.90000009536743,32,17.7999992370605,10.8999996185303,19.2999992370605,-0.300000011920929,1276,124,91,9.19999980926514,354,288,331,309,8.80000019073486,10.8999996185303,33.4000015258789,819.599975585938,25.5,-7.09999990463257,32.5999984741211,17.2999992370605,10.1999998092651,18.7000007629395,-1.29999995231628,1272,127,90,11.8999996185303,370,286,353,290,9.19999980926514,10.8999996185303,34.0999984741211,802.299987792969,25.5,-6.40000009536743,31.8999996185303,17.2000007629395,-1.89999997615814,18.7999992370605,-0.899999976158142,1278,126,88,12,371,287,352,287,9.5,11.3000001907349,33.0999984741211,854.799987792969,26.7000007629395,-7.40000009536743,34.0999984741211,18.3999996185303,-2.70000004768372,19.7999992370605,-1.20000004768372,1306,131,91,11.3999996185303,377,287,368,287,8.80000019073486,10.8999996185303,34.7000007629395,811.799987792969,25,-6.5,31.5,17.1000003814697,16.2999992370605,18.5,-1.20000004768372,1276,132,92,13.1999998092651,386,282,351,298,8.80000019073486,10.8999996185303,33.4000015258789,811.200012207031,25.1000003814697,-7.5,32.5999984741211,17.2000007629395,-2.79999995231628,18.5,-1.39999997615814,1270,127,91,10.8999996185303,367,284,354,284,9.5,11.3000001907349,34.5999984741211,805.5,25.7999992370605,-6.69999980926514,32.5,17.6000003814697,-2,19,-0.600000023841858,1322,147,88,16.7999992370605,405,281,400,281
"31",31,10.3999996185303,11.6000003814697,34.5999984741211,828.700012207031,27.1000003814697,-6.5,33.5999984741211,18.6000003814697,11.8999996185303,20.2999992370605,-0.100000001490116,1365,140,96,12.1999998092651,391,304,373,309,58.2000007629395,108.199996948242,80,989.200012207031,128.399993896484,-6.90000009536743,135.300003051758,70.6999969482422,44,70.4000015258789,45.9000015258789,1883,191,132,12.3000001907349,520,444,468,444,10.5,11.1000003814697,34.2000007629395,799,27,-5.5,32.5,18.7999992370605,11.8999996185303,20.2000007629395,0.5,1412,150,93,13.1000003814697,403,309,388,326,10.1000003814697,11.3000001907349,35.4000015258789,792.799987792969,26.2999992370605,-5.59999990463257,31.8999996185303,9.10000038146973,16.8999996185303,19.7000007629395,0.300000011920929,1367,131,97,10.1999998092651,379,302,337,347,9.60000038146973,11.1999998092651,34.5,806.799987792969,25.8999996185303,-6.69999980926514,32.5999984741211,17.7999992370605,10.8999996185303,19.2000007629395,-0.5,1354,135,96,10.6000003814697,380,300,359,324,9.89999961853027,11.1999998092651,35.0999984741211,791.5,26,-5.90000009536743,31.8999996185303,17.8999996185303,11.1000003814697,19.3999996185303,-0.100000001490116,1350,132,94,10.6000003814697,376,303,352,320,10.1999998092651,11.6000003814697,34.2000007629395,837,26.8999996185303,-6.90000009536743,33.7999992370605,18.8999996185303,-1.89999997615814,20.2000007629395,-0.300000011920929,1390,142,103,10.5,390,321,371,321,9.39999961853027,11.1999998092651,36,794.900024414062,25.2999992370605,-5.90000009536743,31.2000007629395,17.7000007629395,16.6000003814697,19,-0.400000005960464,1358,140,93,12.1999998092651,397,291,356,336,9.5,11.1999998092651,34.5999984741211,795.299987792969,25.3999996185303,-7,32.4000015258789,17.7000007629395,10.6999998092651,19,-0.600000023841858,1343,134,100,9.30000019073486,373,309,358,316,10.1999998092651,11.5,35.7999992370605,789.299987792969,26.1000003814697,-6.09999990463257,32.2000007629395,18.2000007629395,11.6000003814697,19.6000003814697,0.200000002980232,1401,153,93,14.6999998092651,418,304,404,314
"32",32,10.3999996185303,11.6000003814697,34.5999984741211,828.700012207031,27.1000003814697,-6.5,33.5999984741211,18.6000003814697,11.8999996185303,20.2999992370605,-0.100000001490116,1365,140,96,12.1999998092651,391,304,373,309,58.2000007629395,108.199996948242,80,989.200012207031,128.399993896484,-6.90000009536743,135.300003051758,70.6999969482422,44,70.4000015258789,45.9000015258789,1883,191,132,12.3000001907349,520,444,468,444,10.5,11.1000003814697,34.2000007629395,799,27,-5.5,32.5,18.7999992370605,11.8999996185303,20.2000007629395,0.5,1412,150,93,13.1000003814697,403,309,388,326,10.1000003814697,11.3000001907349,35.4000015258789,792.799987792969,26.2999992370605,-5.59999990463257,31.8999996185303,9.10000038146973,16.8999996185303,19.7000007629395,0.300000011920929,1367,131,97,10.1999998092651,379,302,337,347,9.60000038146973,11.1999998092651,34.5,806.799987792969,25.8999996185303,-6.69999980926514,32.5999984741211,17.7999992370605,10.8999996185303,19.2000007629395,-0.5,1354,135,96,10.6000003814697,380,300,359,324,9.89999961853027,11.1999998092651,35.0999984741211,791.5,26,-5.90000009536743,31.8999996185303,17.8999996185303,11.1000003814697,19.3999996185303,-0.100000001490116,1350,132,94,10.6000003814697,376,303,352,320,10.1999998092651,11.6000003814697,34.2000007629395,837,26.8999996185303,-6.90000009536743,33.7999992370605,18.8999996185303,-1.89999997615814,20.2000007629395,-0.300000011920929,1390,142,103,10.5,390,321,371,321,9.39999961853027,11.1999998092651,36,794.900024414062,25.2999992370605,-5.90000009536743,31.2000007629395,17.7000007629395,16.6000003814697,19,-0.400000005960464,1358,140,93,12.1999998092651,397,291,356,336,9.5,11.1999998092651,34.5999984741211,795.299987792969,25.3999996185303,-7,32.4000015258789,17.7000007629395,10.6999998092651,19,-0.600000023841858,1343,134,100,9.30000019073486,373,309,358,316,10.1999998092651,11.5,35.7999992370605,789.299987792969,26.1000003814697,-6.09999990463257,32.2000007629395,18.2000007629395,11.6000003814697,19.6000003814697,0.200000002980232,1401,153,93,14.6999998092651,418,304,404,314
"33",33,7.80000019073486,12.8000001907349,29.5,1120.5,29.6000003814697,-13.6999998092651,43.2999992370605,21.6000003814697,-8.19999980926514,21.1000003814697,-6.30000019073486,811,99,27,36.4000015258789,279,98,261,98,54.4000015258789,106.900001525879,74.6999969482422,1302.09997558594,128,-15.1000003814697,143.100006103516,70.3000030517578,34.5,69.6999969482422,37.4000015258789,1017,139,33,41.0999984741211,376,121,354,121,8.19999980926514,12.1999998092651,28.2999992370605,1105.59997558594,29.8999996185303,-13.1000003814697,43,19.2999992370605,-8,21.1000003814697,-6,802,100,25,37.7000007629395,270,96,261,96,7.30000019073486,12.5,28.8999996185303,1104.09997558594,29.1000003814697,-14.3000001907349,43.4000015258789,20.6000003814697,-8.69999980926514,20.6000003814697,-6.59999990463257,782,103,24,39,275,93,254,93,6.90000009536743,12.3000001907349,28.7999992370605,1083.80004882812,28,-14.8000001907349,42.7999992370605,17.7999992370605,-9.19999980926514,19.7000007629395,-6.69999980926514,816,105,26,40.5,284,96,280,96,7.09999990463257,12.1999998092651,29.1000003814697,1082.40002441406,27.7000007629395,-14.3000001907349,42,20.2000007629395,-8.80000019073486,19.7000007629395,-6.90000009536743,823,111,24,41.2000007629395,295,91,281,91,7.30000019073486,12.6999998092651,29.2000007629395,1119.59997558594,28.7000007629395,-15,43.7000007629395,18.7999992370605,-9.19999980926514,20.3999996185303,-7,804,100,24,39.9000015258789,277,92,272,92,6.59999990463257,12.3999996185303,29.2000007629395,1089.5,27.7000007629395,-14.6999998092651,42.4000015258789,20.7000007629395,-9.19999980926514,19.6000003814697,-7.30000019073486,805,102,25,40.5,283,96,283,96,6.69999980926514,12.1999998092651,29,1078.40002441406,27.6000003814697,-14.6999998092651,42.2999992370605,17.8999996185303,-9.19999980926514,19.5,-7.19999980926514,817,101,26,40,287,95,283,95,7.5,12.3999996185303,28.7999992370605,1089,28.2000007629395,-14.6999998092651,42.9000015258789,20.6000003814697,-9.10000038146973,20.1000003814697,-6.69999980926514,822,101,26,39.5999984741211,291,95,288,95
"34",34,8.10000038146973,11.1999998092651,37.0999984741211,667.200012207031,26.5,-3.79999995231628,30.2999992370605,0.100000001490116,17.2000007629395,16.7999992370605,0.5,1804,295,20,69.9000015258789,871,108,112,816,55.5,107,82.1999969482422,820.299987792969,126.5,-3.70000004768372,130.199996948242,46.5999984741211,68.0999984741211,66.3000030517578,46.2999992370605,2378,456,22,77.3000030517578,1237,117,137,1170,8.60000038146973,10.8999996185303,35.9000015258789,660.5,27.8999996185303,-2.59999990463257,30.5,1.10000002384186,17.7999992370605,17.3999996185303,1.29999995231628,1822,325,20,73,916,104,113,872,7.59999990463257,11.1000003814697,37.2000007629395,640.599975585938,25.8999996185303,-3.90000009536743,29.7999992370605,0,16,15.8999996185303,0.400000005960464,1712,298,21,69.8000030517578,830,110,113,805,7.90000009536743,11,38,618,26.1000003814697,-2.79999995231628,28.8999996185303,0.600000023841858,16.2000007629395,16,1,1762,302,22,70.8000030517578,862,105,115,822,7.80000019073486,10.8999996185303,38.2000007629395,617.700012207031,25.6000003814697,-3,28.6000003814697,0.5,16.3999996185303,15.8999996185303,0.899999976158142,1777,311,22,69,869,110,125,814,8,11,36.7999992370605,660.200012207031,26.1000003814697,-3.90000009536743,30,0,16.8999996185303,16.3999996185303,0.300000011920929,1794,310,21,70.8000030517578,884,106,119,838,7.19999980926514,10.6999998092651,36,657,25.3999996185303,-4.40000009536743,29.7999992370605,-0.400000005960464,16.3999996185303,15.8000001907349,-0.5,1746,289,20,67.4000015258789,839,113,117,792,7.40000009536743,10.8000001907349,36.7999992370605,641.099975585938,25.3999996185303,-3.79999995231628,29.2000007629395,0.100000001490116,16.2000007629395,15.8000001907349,0,1782,309,22,71.1999969482422,883,111,116,845,7.80000019073486,10.8999996185303,35.7000007629395,672.799987792969,26.2000007629395,-4.40000009536743,30.6000003814697,0.100000001490116,16.8999996185303,16.6000003814697,0.100000001490116,1829,317,21,71,899,109,117,857
"35",35,7.80000019073486,10.8999996185303,37.2999992370605,661.700012207031,25.2000007629395,-4.09999990463257,29.2999992370605,-0.200000002980232,17.2999992370605,16.3999996185303,0.200000002980232,1883,293,22,64.3000030517578,868,127,128,812,55.2999992370605,106.800003051758,81.9000015258789,813.700012207031,126.300003051758,-4,130.300003051758,46.4000015258789,68.0999984741211,65.9000015258789,46.2000007629395,2468,461,24,73,1226,135,150,1188,8.30000019073486,10.6000003814697,36.2000007629395,653,26.5,-2.90000009536743,29.3999996185303,0.699999988079071,17.7999992370605,16.8999996185303,1,1899,326,22,67.8000030517578,912,122,127,873,7.30000019073486,10.8000001907349,37.5,632.799987792969,24.6000003814697,-4.19999980926514,28.7999992370605,-0.300000011920929,16.8999996185303,15.5,0.100000001490116,1793,305,22,65.0999984741211,833,125,125,811,7.5,10.6999998092651,38.2000007629395,613.400024414062,24.7000007629395,-3.20000004768372,27.8999996185303,0.200000002980232,16.2000007629395,15.5,0.600000023841858,1846,313,24,66.0999984741211,867,122,129,834,7.5,10.6000003814697,38.7000007629395,609.799987792969,24.2000007629395,-3.09999990463257,27.2999992370605,0.100000001490116,16.5,15.5,0.699999988079071,1866,317,24,63.7000007629395,870,129,140,816,7.5,10.8000001907349,37.2999992370605,648.299987792969,24.7000007629395,-4.19999980926514,28.8999996185303,-0.200000002980232,16.7999992370605,15.8999996185303,0,1876,316,23,65.5999984741211,885,124,134,843,6.90000009536743,10.3999996185303,36.2999992370605,650.900024414062,24.1000003814697,-4.69999980926514,28.7999992370605,-0.800000011920929,16.3999996185303,15.3000001907349,-0.800000011920929,1831,291,23,62.2000007629395,837,132,133,794,7,10.5,37.0999984741211,635.599975585938,24.1000003814697,-4.09999990463257,28.2000007629395,-0.400000005960464,16.2000007629395,15.3000001907349,-0.200000002980232,1862,313,23,66.1999969482422,886,126,130,849,7.5,10.6000003814697,36,664.599975585938,24.8999996185303,-4.69999980926514,29.6000003814697,-0.200000002980232,16.7999992370605,16.1000003814697,-0.100000001490116,1910,320,23,66.3000030517578,905,128,132,862
"36",36,20.5,9.5,68.5999984741211,137.399993896484,27.2999992370605,13.5,13.8000001907349,19.6000003814697,22.2000007629395,22.2000007629395,18.7999992370605,1172,167,22,51.5,459,87,148,385,69.9000015258789,109.099998474121,95.8000030517578,148.100006103516,126.900001525879,13.1000003814697,113.800003051758,68.6999969482422,71.5999984741211,71.6999969482422,68,1483,224,30,51.4000015258789,575,119,191,513,20.3999996185303,9.5,69.0999984741211,129.100006103516,27.1000003814697,13.3999996185303,13.6999998092651,19.6000003814697,22,22,18.7999992370605,1138,171,22,50.7999992370605,448,89,147,377,20,9.60000038146973,68.3000030517578,136,26.7999992370605,12.8000001907349,14,19.1000003814697,21.7999992370605,21.7000007629395,18.3999996185303,1074,166,21,53.0999984741211,426,83,129,356,20.1000003814697,9.5,68.3000030517578,142.5,26.8999996185303,13,13.8999996185303,19.2000007629395,22,21.8999996185303,18.3999996185303,1086,180,21,51.5,414,90,146,367,20.2999992370605,9.5,69.0999984741211,134.600006103516,27,13.1999998092651,13.8000001907349,19.3999996185303,22,21.8999996185303,18.7000007629395,1102,155,22,50,430,92,148,350,20.1000003814697,9.39999961853027,68.4000015258789,134.899993896484,26.8999996185303,13.1000003814697,13.8000001907349,19.2000007629395,21.7999992370605,21.7999992370605,18.3999996185303,1148,166,23,50.9000015258789,448,94,146,370,19.7000007629395,9.5,69.1999969482422,126.199996948242,26.3999996185303,12.6999998092651,13.6999998092651,18.1000003814697,21.2999992370605,21.2999992370605,18.2000007629395,1090,164,21,49.9000015258789,404,89,140,404,19.7999992370605,9.5,68.6999969482422,130.800003051758,26.6000003814697,12.8000001907349,13.8000001907349,19,21.5,21.5,18.2999992370605,1082,160,24,49.7000007629395,428,91,144,352,20.2000007629395,9.39999961853027,68.0999984741211,135.800003051758,26.8999996185303,13.1000003814697,13.8000001907349,19.3999996185303,21.7999992370605,21.7999992370605,18.5,1212,174,25,50.5999984741211,484,100,156,395
"37",37,16.6000003814697,8.39999961853027,67.9000015258789,136.300003051758,22.5,10.1000003814697,12.3999996185303,15.3999996185303,17.8999996185303,18.2000007629395,15,2128,267,86,34.5999984741211,702,307,394,660,66,108.099998474121,96.0999984741211,144.199996948242,122.199996948242,9.80000019073486,112.400001525879,64.3000030517578,67.3000030517578,67.6999969482422,64.3000030517578,2709,353,100,35,922,420,533,884,16.3999996185303,8.39999961853027,68.4000015258789,125.599998474121,22.2999992370605,10,12.3000001907349,15,17.6000003814697,18,15,2092,269,90,32.2000007629395,663,336,408,643,16,8.39999961853027,67.5,131.899993896484,22,9.5,12.5,15,17.3999996185303,17.7000007629395,14.5,1964,265,85,35.0999984741211,648,313,364,603,16.2000007629395,8.39999961853027,67.5999984741211,138.5,22.2000007629395,9.80000019073486,12.3999996185303,16.5,16.7999992370605,17.8999996185303,14.6000003814697,2000,286,84,37.7000007629395,646,324,402,615,16.2999992370605,8.5,68.3000030517578,131.5,22.2000007629395,9.80000019073486,12.3999996185303,15.1999998092651,17.7999992370605,17.8999996185303,14.8000001907349,2043,245,82,30.2000007629395,650,342,376,598,16.1000003814697,8.39999961853027,68,130.199996948242,22,9.69999980926514,12.3000001907349,15.1000003814697,17.2999992370605,17.7000007629395,14.6000003814697,2119,259,92,31.7999992370605,684,356,415,628,15.8000001907349,8.39999961853027,69.0999984741211,121.800003051758,21.6000003814697,9.5,12.1000003814697,14.5,17,17.2999992370605,14.5,2028,259,83,34.4000015258789,698,314,396,698,15.8999996185303,8.39999961853027,68.5,126,21.7000007629395,9.5,12.1999998092651,14.5,17.1000003814697,17.3999996185303,14.5,1999,253,88,29.7999992370605,624,344,399,600,16.2000007629395,8.30000019073486,67.5,132.100006103516,22.1000003814697,9.80000019073486,12.3000001907349,14.8000001907349,17.6000003814697,17.7999992370605,14.6999998092651,2230,275,94,29.5,715,375,444,680
"38",38,24,7.80000019073486,67,134.899993896484,29.7000007629395,18.1000003814697,11.6000003814697,22.2000007629395,25.6000003814697,25.5,22.3999996185303,1313,212,18,55.9000015258789,538,123,203,538,73.3000030517578,107.300003051758,96.3000030517578,145.100006103516,129.300003051758,17.7999992370605,111.5,71.5,74.0999984741211,75,71.5999984741211,1692,253,25,58.2000007629395,727,157,264,727,23.7999992370605,7.69999980926514,67.9000015258789,126,29.5,18.1000003814697,11.3999996185303,22.2000007629395,25.3999996185303,25.3999996185303,22.3999996185303,1281,193,18,54.0999984741211,522,130,206,522,23.5,7.80000019073486,67.4000015258789,132.100006103516,29.2000007629395,17.6000003814697,11.6000003814697,21.8999996185303,25.1000003814697,25,21.8999996185303,1208,186,17,56,489,120,120,489,23.6000003814697,7.80000019073486,66.9000015258789,140.199996948242,29.2999992370605,17.7000007629395,11.6000003814697,21.8999996185303,24.5,25.2999992370605,22,1223,179,17,53.9000015258789,492,117,132,492,23.7000007629395,7.80000019073486,68.1999969482422,130.600006103516,29.3999996185303,17.8999996185303,11.5,22.1000003814697,24.3999996185303,25.3999996185303,22.2000007629395,1250,192,18,53.2999992370605,493,127,137,489,23.5,7.69999980926514,67.1999969482422,131.100006103516,29.2999992370605,17.7999992370605,11.5,21.8999996185303,24.2999992370605,25.1000003814697,22,1296,195,19,54.0999984741211,514,129,209,514,23.2000007629395,7.69999980926514,68.5,123,28.7999992370605,17.5,11.3000001907349,21.7000007629395,23.8999996185303,24.7000007629395,21.7999992370605,1270,219,17,60.7999992370605,571,115,197,571,23.2999992370605,7.80000019073486,68.0999984741211,126.699996948242,29,17.6000003814697,11.3999996185303,21.7999992370605,24.1000003814697,24.7999992370605,21.7999992370605,1216,184,19,52.9000015258789,486,127,204,486,23.6000003814697,7.69999980926514,67.5,132.600006103516,29.2999992370605,17.8999996185303,11.3999996185303,22,24.2999992370605,25.2000007629395,22.1000003814697,1365,207,21,53.2000007629395,551,141,223,551
